net	shape	bbox	x1	y1	x2	y2	width	height	direction	same_net_vias	cells
VDD	PATH_11_698	{20.0000 1187.0260} {1189.3360 1187.0860}	20.0000	1187.0260	1189.3360	1187.0860	1169.336	0.0599999999999	horizontal	29	157
VDD	PATH_11_696	{20.0000 1183.6820} {1189.3360 1183.7420}	20.0000	1183.6820	1189.3360	1183.7420	1169.336	0.0599999999999	horizontal	29	205
VDD	PATH_11_694	{20.0000 1180.3380} {1189.3360 1180.3980}	20.0000	1180.3380	1189.3360	1180.3980	1169.336	0.0599999999999	horizontal	29	223
VDD	PATH_11_692	{20.0000 1176.9940} {1189.3360 1177.0540}	20.0000	1176.9940	1189.3360	1177.0540	1169.336	0.0600000000002	horizontal	29	259
VDD	PATH_11_690	{20.0000 1173.6500} {1189.3360 1173.7100}	20.0000	1173.6500	1189.3360	1173.7100	1169.336	0.0599999999999	horizontal	29	283
VDD	PATH_11_688	{20.0000 1170.3060} {1189.3360 1170.3660}	20.0000	1170.3060	1189.3360	1170.3660	1169.336	0.0599999999999	horizontal	29	304
VDD	PATH_11_686	{20.0000 1166.9620} {1189.3360 1167.0220}	20.0000	1166.9620	1189.3360	1167.0220	1169.336	0.0599999999999	horizontal	29	338
VDD	PATH_11_684	{20.0000 1163.6180} {1189.3360 1163.6780}	20.0000	1163.6180	1189.3360	1163.6780	1169.336	0.0600000000002	horizontal	29	348
VDD	PATH_11_682	{20.0000 1160.2740} {1189.3360 1160.3340}	20.0000	1160.2740	1189.3360	1160.3340	1169.336	0.0600000000002	horizontal	29	381
VDD	PATH_11_680	{20.0000 1156.9300} {1189.3360 1156.9900}	20.0000	1156.9300	1189.3360	1156.9900	1169.336	0.0599999999999	horizontal	29	379
VDD	PATH_11_678	{20.0000 1153.5860} {1189.3360 1153.6460}	20.0000	1153.5860	1189.3360	1153.6460	1169.336	0.0599999999999	horizontal	29	367
VDD	PATH_11_676	{20.0000 1150.2420} {1189.3360 1150.3020}	20.0000	1150.2420	1189.3360	1150.3020	1169.336	0.0599999999999	horizontal	29	399
VDD	PATH_11_674	{20.0000 1146.8980} {1189.3360 1146.9580}	20.0000	1146.8980	1189.3360	1146.9580	1169.336	0.0600000000002	horizontal	29	410
VDD	PATH_11_672	{20.0000 1143.5540} {1189.3360 1143.6140}	20.0000	1143.5540	1189.3360	1143.6140	1169.336	0.0599999999999	horizontal	29	391
VDD	PATH_11_670	{20.0000 1140.2100} {1189.3360 1140.2700}	20.0000	1140.2100	1189.3360	1140.2700	1169.336	0.0599999999999	horizontal	29	390
VDD	PATH_11_668	{20.0000 1136.8660} {1189.3360 1136.9260}	20.0000	1136.8660	1189.3360	1136.9260	1169.336	0.0599999999999	horizontal	29	399
VDD	PATH_11_666	{20.0000 1133.5220} {1189.3360 1133.5820}	20.0000	1133.5220	1189.3360	1133.5820	1169.336	0.0600000000002	horizontal	29	383
VDD	PATH_11_664	{20.0000 1130.1780} {1189.3360 1130.2380}	20.0000	1130.1780	1189.3360	1130.2380	1169.336	0.0599999999999	horizontal	29	375
VDD	PATH_11_662	{20.0000 1126.8340} {1189.3360 1126.8940}	20.0000	1126.8340	1189.3360	1126.8940	1169.336	0.0599999999999	horizontal	29	393
VDD	PATH_11_660	{20.0000 1123.4900} {1189.3360 1123.5500}	20.0000	1123.4900	1189.3360	1123.5500	1169.336	0.0599999999999	horizontal	29	374
VDD	PATH_11_658	{20.0000 1120.1460} {1189.3360 1120.2060}	20.0000	1120.1460	1189.3360	1120.2060	1169.336	0.0599999999999	horizontal	29	395
VDD	PATH_11_656	{20.0000 1116.8020} {1189.3360 1116.8620}	20.0000	1116.8020	1189.3360	1116.8620	1169.336	0.0600000000002	horizontal	29	417
VDD	PATH_11_654	{20.0000 1113.4580} {1189.3360 1113.5180}	20.0000	1113.4580	1189.3360	1113.5180	1169.336	0.0599999999999	horizontal	29	427
VDD	PATH_11_652	{20.0000 1110.1140} {1189.3360 1110.1740}	20.0000	1110.1140	1189.3360	1110.1740	1169.336	0.0599999999999	horizontal	29	478
VDD	PATH_11_650	{20.0000 1106.7700} {1189.3360 1106.8300}	20.0000	1106.7700	1189.3360	1106.8300	1169.336	0.0599999999999	horizontal	29	450
VDD	PATH_11_648	{20.0000 1103.4260} {1189.3360 1103.4860}	20.0000	1103.4260	1189.3360	1103.4860	1169.336	0.0600000000002	horizontal	29	447
VDD	PATH_11_646	{20.0000 1100.0820} {1189.3360 1100.1420}	20.0000	1100.0820	1189.3360	1100.1420	1169.336	0.0599999999999	horizontal	29	463
VDD	PATH_11_644	{20.0000 1096.7380} {1189.3360 1096.7980}	20.0000	1096.7380	1189.3360	1096.7980	1169.336	0.0599999999999	horizontal	29	467
VDD	PATH_11_642	{20.0000 1093.3940} {1189.3360 1093.4540}	20.0000	1093.3940	1189.3360	1093.4540	1169.336	0.0599999999999	horizontal	29	429
VDD	PATH_11_640	{20.0000 1090.0500} {1189.3360 1090.1100}	20.0000	1090.0500	1189.3360	1090.1100	1169.336	0.0599999999999	horizontal	29	446
VDD	PATH_11_638	{20.0000 1086.7060} {1189.3360 1086.7660}	20.0000	1086.7060	1189.3360	1086.7660	1169.336	0.0600000000002	horizontal	29	426
VDD	PATH_11_636	{20.0000 1083.3620} {1189.3360 1083.4220}	20.0000	1083.3620	1189.3360	1083.4220	1169.336	0.0599999999999	horizontal	29	442
VDD	PATH_11_634	{20.0000 1080.0180} {1189.3360 1080.0780}	20.0000	1080.0180	1189.3360	1080.0780	1169.336	0.0599999999999	horizontal	29	440
VDD	PATH_11_632	{20.0000 1076.6740} {1189.3360 1076.7340}	20.0000	1076.6740	1189.3360	1076.7340	1169.336	0.0599999999999	horizontal	29	414
VDD	PATH_11_630	{20.0000 1073.3300} {1189.3360 1073.3900}	20.0000	1073.3300	1189.3360	1073.3900	1169.336	0.0600000000002	horizontal	29	452
VDD	PATH_11_628	{20.0000 1069.9860} {1189.3360 1070.0460}	20.0000	1069.9860	1189.3360	1070.0460	1169.336	0.0599999999999	horizontal	29	462
VDD	PATH_11_626	{20.0000 1066.6420} {1189.3360 1066.7020}	20.0000	1066.6420	1189.3360	1066.7020	1169.336	0.0599999999999	horizontal	29	465
VDD	PATH_11_624	{20.0000 1063.2980} {1189.3360 1063.3580}	20.0000	1063.2980	1189.3360	1063.3580	1169.336	0.0599999999999	horizontal	29	446
VDD	PATH_11_622	{20.0000 1059.9540} {1189.3360 1060.0140}	20.0000	1059.9540	1189.3360	1060.0140	1169.336	0.0599999999999	horizontal	29	460
VDD	PATH_11_620	{20.0000 1056.6100} {1189.3360 1056.6700}	20.0000	1056.6100	1189.3360	1056.6700	1169.336	0.0600000000002	horizontal	29	497
VDD	PATH_11_618	{20.0000 1053.2660} {1189.3360 1053.3260}	20.0000	1053.2660	1189.3360	1053.3260	1169.336	0.0599999999999	horizontal	29	500
VDD	PATH_11_616	{20.0000 1049.9220} {1189.3360 1049.9820}	20.0000	1049.9220	1189.3360	1049.9820	1169.336	0.0599999999999	horizontal	29	509
VDD	PATH_11_614	{20.0000 1046.5780} {1189.3360 1046.6380}	20.0000	1046.5780	1189.3360	1046.6380	1169.336	0.0599999999999	horizontal	29	513
VDD	PATH_11_612	{20.0000 1043.2340} {1189.3360 1043.2940}	20.0000	1043.2340	1189.3360	1043.2940	1169.336	0.0600000000002	horizontal	29	501
VDD	PATH_11_610	{20.0000 1039.8900} {1189.3360 1039.9500}	20.0000	1039.8900	1189.3360	1039.9500	1169.336	0.0599999999999	horizontal	29	487
VDD	PATH_11_608	{20.0000 1036.5460} {1189.3360 1036.6060}	20.0000	1036.5460	1189.3360	1036.6060	1169.336	0.0599999999999	horizontal	29	501
VDD	PATH_11_606	{20.0000 1033.2020} {1189.3360 1033.2620}	20.0000	1033.2020	1189.3360	1033.2620	1169.336	0.0599999999999	horizontal	29	512
VDD	PATH_11_604	{20.0000 1029.8580} {1189.3360 1029.9180}	20.0000	1029.8580	1189.3360	1029.9180	1169.336	0.0599999999999	horizontal	29	531
VDD	PATH_11_602	{20.0000 1026.5140} {1189.3360 1026.5740}	20.0000	1026.5140	1189.3360	1026.5740	1169.336	0.0600000000002	horizontal	29	564
VDD	PATH_11_600	{20.0000 1023.1700} {1189.3360 1023.2300}	20.0000	1023.1700	1189.3360	1023.2300	1169.336	0.0600000000001	horizontal	29	573
VDD	PATH_11_598	{20.0000 1019.8260} {1189.3360 1019.8860}	20.0000	1019.8260	1189.3360	1019.8860	1169.336	0.0599999999999	horizontal	29	550
VDD	PATH_11_596	{20.0000 1016.4820} {1189.3360 1016.5420}	20.0000	1016.4820	1189.3360	1016.5420	1169.336	0.0600000000001	horizontal	29	527
VDD	PATH_11_594	{20.0000 1013.1380} {1189.3360 1013.1980}	20.0000	1013.1380	1189.3360	1013.1980	1169.336	0.0599999999999	horizontal	29	546
VDD	PATH_11_592	{20.0000 1009.7940} {1189.3360 1009.8540}	20.0000	1009.7940	1189.3360	1009.8540	1169.336	0.0600000000001	horizontal	29	554
VDD	PATH_11_590	{20.0000 1006.4500} {1189.3360 1006.5100}	20.0000	1006.4500	1189.3360	1006.5100	1169.336	0.0599999999999	horizontal	29	528
VDD	PATH_11_588	{20.0000 1003.1060} {1189.3360 1003.1660}	20.0000	1003.1060	1189.3360	1003.1660	1169.336	0.0600000000001	horizontal	29	578
VDD	PATH_11_586	{20.0000 999.7620} {1189.3360 999.8220}	20.0000	999.7620	1189.3360	999.8220	1169.336	0.0600000000001	horizontal	29	566
VDD	PATH_11_584	{20.0000 996.4180} {1189.3360 996.4780}	20.0000	996.4180	1189.3360	996.4780	1169.336	0.0599999999999	horizontal	29	578
VDD	PATH_11_582	{20.0000 993.0740} {1189.3360 993.1340}	20.0000	993.0740	1189.3360	993.1340	1169.336	0.0600000000001	horizontal	29	573
VDD	PATH_11_580	{20.0000 989.7300} {1189.3360 989.7900}	20.0000	989.7300	1189.3360	989.7900	1169.336	0.0599999999999	horizontal	29	602
VDD	PATH_11_578	{20.0000 986.3860} {1189.3360 986.4460}	20.0000	986.3860	1189.3360	986.4460	1169.336	0.0600000000001	horizontal	29	597
VDD	PATH_11_576	{20.0000 983.0420} {1189.3360 983.1020}	20.0000	983.0420	1189.3360	983.1020	1169.336	0.0599999999999	horizontal	29	620
VDD	PATH_11_574	{20.0000 979.6980} {1189.3360 979.7580}	20.0000	979.6980	1189.3360	979.7580	1169.336	0.0600000000001	horizontal	29	622
VDD	PATH_11_572	{20.0000 976.3540} {1189.3360 976.4140}	20.0000	976.3540	1189.3360	976.4140	1169.336	0.0599999999999	horizontal	29	584
VDD	PATH_11_570	{20.0000 973.0100} {1189.3360 973.0700}	20.0000	973.0100	1189.3360	973.0700	1169.336	0.0600000000001	horizontal	29	590
VDD	PATH_11_568	{20.0000 969.6660} {1189.3360 969.7260}	20.0000	969.6660	1189.3360	969.7260	1169.336	0.0599999999999	horizontal	29	590
VDD	PATH_11_566	{20.0000 966.3220} {1189.3360 966.3820}	20.0000	966.3220	1189.3360	966.3820	1169.336	0.0599999999999	horizontal	29	624
VDD	PATH_11_564	{20.0000 962.9780} {1189.3360 963.0380}	20.0000	962.9780	1189.3360	963.0380	1169.336	0.0600000000001	horizontal	29	631
VDD	PATH_11_562	{20.0000 959.6340} {1189.3360 959.6940}	20.0000	959.6340	1189.3360	959.6940	1169.336	0.0599999999999	horizontal	29	616
VDD	PATH_11_560	{20.0000 956.2900} {1189.3360 956.3500}	20.0000	956.2900	1189.3360	956.3500	1169.336	0.0600000000001	horizontal	29	591
VDD	PATH_11_558	{20.0000 952.9460} {1189.3360 953.0060}	20.0000	952.9460	1189.3360	953.0060	1169.336	0.0599999999999	horizontal	29	607
VDD	PATH_11_556	{20.0000 949.6020} {1189.3360 949.6620}	20.0000	949.6020	1189.3360	949.6620	1169.336	0.0600000000001	horizontal	29	596
VDD	PATH_11_554	{20.0000 946.2580} {1189.3360 946.3180}	20.0000	946.2580	1189.3360	946.3180	1169.336	0.0599999999999	horizontal	29	624
VDD	PATH_11_552	{20.0000 942.9140} {1189.3360 942.9740}	20.0000	942.9140	1189.3360	942.9740	1169.336	0.0600000000001	horizontal	29	598
VDD	PATH_11_550	{20.0000 939.5700} {1189.3360 939.6300}	20.0000	939.5700	1189.3360	939.6300	1169.336	0.0599999999999	horizontal	29	595
VDD	PATH_11_548	{20.0000 936.2260} {1189.3360 936.2860}	20.0000	936.2260	1189.3360	936.2860	1169.336	0.0599999999999	horizontal	29	611
VDD	PATH_11_546	{20.0000 932.8820} {1189.3360 932.9420}	20.0000	932.8820	1189.3360	932.9420	1169.336	0.0600000000001	horizontal	29	620
VDD	PATH_11_544	{20.0000 929.5380} {1189.3360 929.5980}	20.0000	929.5380	1189.3360	929.5980	1169.336	0.0599999999999	horizontal	29	615
VDD	PATH_11_542	{20.0000 926.1940} {1189.3360 926.2540}	20.0000	926.1940	1189.3360	926.2540	1169.336	0.0600000000001	horizontal	29	620
VDD	PATH_11_540	{20.0000 922.8500} {1189.3360 922.9100}	20.0000	922.8500	1189.3360	922.9100	1169.336	0.0599999999999	horizontal	29	606
VDD	PATH_11_538	{20.0000 919.5060} {1189.3360 919.5660}	20.0000	919.5060	1189.3360	919.5660	1169.336	0.0600000000001	horizontal	29	606
VDD	PATH_11_536	{20.0000 916.1620} {1189.3360 916.2220}	20.0000	916.1620	1189.3360	916.2220	1169.336	0.0599999999999	horizontal	29	591
VDD	PATH_11_534	{20.0000 912.8180} {1189.3360 912.8780}	20.0000	912.8180	1189.3360	912.8780	1169.336	0.0600000000001	horizontal	29	586
VDD	PATH_11_532	{20.0000 909.4740} {1189.3360 909.5340}	20.0000	909.4740	1189.3360	909.5340	1169.336	0.0599999999999	horizontal	29	557
VDD	PATH_11_530	{20.0000 906.1300} {1189.3360 906.1900}	20.0000	906.1300	1189.3360	906.1900	1169.336	0.0600000000001	horizontal	29	581
VDD	PATH_11_528	{20.0000 902.7860} {1189.3360 902.8460}	20.0000	902.7860	1189.3360	902.8460	1169.336	0.0600000000001	horizontal	29	598
VDD	PATH_11_526	{20.0000 899.4420} {1189.3360 899.5020}	20.0000	899.4420	1189.3360	899.5020	1169.336	0.0599999999999	horizontal	29	598
VDD	PATH_11_524	{20.0000 896.0980} {1189.3360 896.1580}	20.0000	896.0980	1189.3360	896.1580	1169.336	0.0600000000001	horizontal	29	600
VDD	PATH_11_522	{20.0000 892.7540} {1189.3360 892.8140}	20.0000	892.7540	1189.3360	892.8140	1169.336	0.0599999999999	horizontal	29	555
VDD	PATH_11_520	{20.0000 889.4100} {1189.3360 889.4700}	20.0000	889.4100	1189.3360	889.4700	1169.336	0.0600000000001	horizontal	29	587
VDD	PATH_11_518	{20.0000 886.0660} {1189.3360 886.1260}	20.0000	886.0660	1189.3360	886.1260	1169.336	0.0599999999999	horizontal	29	612
VDD	PATH_11_516	{20.0000 882.7220} {1189.3360 882.7820}	20.0000	882.7220	1189.3360	882.7820	1169.336	0.0600000000001	horizontal	29	620
VDD	PATH_11_514	{20.0000 879.3780} {1189.3360 879.4380}	20.0000	879.3780	1189.3360	879.4380	1169.336	0.0599999999999	horizontal	29	619
VDD	PATH_11_512	{20.0000 876.0340} {1189.3360 876.0940}	20.0000	876.0340	1189.3360	876.0940	1169.336	0.0600000000001	horizontal	29	624
VDD	PATH_11_510	{20.0000 872.6900} {1189.3360 872.7500}	20.0000	872.6900	1189.3360	872.7500	1169.336	0.0599999999999	horizontal	29	631
VDD	PATH_11_508	{20.0000 869.3460} {1189.3360 869.4060}	20.0000	869.3460	1189.3360	869.4060	1169.336	0.0599999999999	horizontal	29	626
VDD	PATH_11_506	{20.0000 866.0020} {1189.3360 866.0620}	20.0000	866.0020	1189.3360	866.0620	1169.336	0.0600000000001	horizontal	29	603
VDD	PATH_11_504	{20.0000 862.6580} {1189.3360 862.7180}	20.0000	862.6580	1189.3360	862.7180	1169.336	0.0599999999999	horizontal	29	596
VDD	PATH_11_502	{20.0000 859.3140} {1189.3360 859.3740}	20.0000	859.3140	1189.3360	859.3740	1169.336	0.0600000000001	horizontal	29	614
VDD	PATH_11_500	{20.0000 855.9700} {1189.3360 856.0300}	20.0000	855.9700	1189.3360	856.0300	1169.336	0.0599999999999	horizontal	29	624
VDD	PATH_11_498	{20.0000 852.6260} {1189.3360 852.6860}	20.0000	852.6260	1189.3360	852.6860	1169.336	0.0600000000001	horizontal	29	621
VDD	PATH_11_496	{20.0000 849.2820} {1189.3360 849.3420}	20.0000	849.2820	1189.3360	849.3420	1169.336	0.0599999999999	horizontal	29	624
VDD	PATH_11_494	{20.0000 845.9380} {1189.3360 845.9980}	20.0000	845.9380	1189.3360	845.9980	1169.336	0.0600000000001	horizontal	29	661
VDD	PATH_11_492	{20.0000 842.5940} {1189.3360 842.6540}	20.0000	842.5940	1189.3360	842.6540	1169.336	0.0599999999999	horizontal	29	625
VDD	PATH_11_490	{20.0000 839.2500} {1189.3360 839.3100}	20.0000	839.2500	1189.3360	839.3100	1169.336	0.0599999999999	horizontal	29	646
VDD	PATH_11_488	{20.0000 835.9060} {1189.3360 835.9660}	20.0000	835.9060	1189.3360	835.9660	1169.336	0.0600000000001	horizontal	29	648
VDD	PATH_11_486	{20.0000 832.5620} {1189.3360 832.6220}	20.0000	832.5620	1189.3360	832.6220	1169.336	0.0599999999999	horizontal	29	616
VDD	PATH_11_484	{20.0000 829.2180} {1189.3360 829.2780}	20.0000	829.2180	1189.3360	829.2780	1169.336	0.0600000000001	horizontal	29	632
VDD	PATH_11_482	{20.0000 825.8740} {1189.3360 825.9340}	20.0000	825.8740	1189.3360	825.9340	1169.336	0.0599999999999	horizontal	29	582
VDD	PATH_11_480	{20.0000 822.5300} {1189.3360 822.5900}	20.0000	822.5300	1189.3360	822.5900	1169.336	0.0600000000001	horizontal	29	615
VDD	PATH_11_478	{20.0000 819.1860} {1189.3360 819.2460}	20.0000	819.1860	1189.3360	819.2460	1169.336	0.0599999999999	horizontal	29	605
VDD	PATH_11_476	{20.0000 815.8420} {1189.3360 815.9020}	20.0000	815.8420	1189.3360	815.9020	1169.336	0.0600000000001	horizontal	29	576
VDD	PATH_11_474	{20.0000 812.4980} {1189.3360 812.5580}	20.0000	812.4980	1189.3360	812.5580	1169.336	0.0599999999999	horizontal	29	593
VDD	PATH_11_472	{20.0000 809.1540} {1189.3360 809.2140}	20.0000	809.1540	1189.3360	809.2140	1169.336	0.0600000000001	horizontal	29	605
VDD	PATH_11_470	{20.0000 805.8100} {1189.3360 805.8700}	20.0000	805.8100	1189.3360	805.8700	1169.336	0.0600000000001	horizontal	29	574
VDD	PATH_11_468	{20.0000 802.4660} {1189.3360 802.5260}	20.0000	802.4660	1189.3360	802.5260	1169.336	0.0599999999999	horizontal	29	603
VDD	PATH_11_466	{20.0000 799.1220} {1189.3360 799.1820}	20.0000	799.1220	1189.3360	799.1820	1169.336	0.0600000000001	horizontal	29	582
VDD	PATH_11_464	{20.0000 795.7780} {1189.3360 795.8380}	20.0000	795.7780	1189.3360	795.8380	1169.336	0.0599999999999	horizontal	29	653
VDD	PATH_11_462	{20.0000 792.4340} {1189.3360 792.4940}	20.0000	792.4340	1189.3360	792.4940	1169.336	0.0600000000001	horizontal	29	650
VDD	PATH_11_460	{20.0000 789.0900} {1189.3360 789.1500}	20.0000	789.0900	1189.3360	789.1500	1169.336	0.0599999999999	horizontal	29	637
VDD	PATH_11_458	{20.0000 785.7460} {1189.3360 785.8060}	20.0000	785.7460	1189.3360	785.8060	1169.336	0.0600000000001	horizontal	29	651
VDD	PATH_11_456	{20.0000 782.4020} {1189.3360 782.4620}	20.0000	782.4020	1189.3360	782.4620	1169.336	0.0599999999999	horizontal	29	657
VDD	PATH_11_454	{20.0000 779.0580} {1189.3360 779.1180}	20.0000	779.0580	1189.3360	779.1180	1169.336	0.0600000000001	horizontal	29	640
VDD	PATH_11_452	{20.0000 775.7140} {1189.3360 775.7740}	20.0000	775.7140	1189.3360	775.7740	1169.336	0.0599999999999	horizontal	29	635
VDD	PATH_11_450	{20.0000 772.3700} {1189.3360 772.4300}	20.0000	772.3700	1189.3360	772.4300	1169.336	0.0599999999999	horizontal	29	627
VDD	PATH_11_448	{20.0000 769.0260} {1189.3360 769.0860}	20.0000	769.0260	1189.3360	769.0860	1169.336	0.0600000000001	horizontal	29	588
VDD	PATH_11_446	{20.0000 765.6820} {1189.3360 765.7420}	20.0000	765.6820	1189.3360	765.7420	1169.336	0.0599999999999	horizontal	29	586
VDD	PATH_11_444	{20.0000 762.3380} {1189.3360 762.3980}	20.0000	762.3380	1189.3360	762.3980	1169.336	0.0600000000001	horizontal	29	575
VDD	PATH_11_442	{20.0000 758.9940} {1189.3360 759.0540}	20.0000	758.9940	1189.3360	759.0540	1169.336	0.0599999999999	horizontal	29	606
VDD	PATH_11_440	{20.0000 755.6500} {1189.3360 755.7100}	20.0000	755.6500	1189.3360	755.7100	1169.336	0.0600000000001	horizontal	29	616
VDD	PATH_11_438	{20.0000 752.3060} {1189.3360 752.3660}	20.0000	752.3060	1189.3360	752.3660	1169.336	0.0599999999999	horizontal	29	621
VDD	PATH_11_436	{20.0000 748.9620} {1189.3360 749.0220}	20.0000	748.9620	1189.3360	749.0220	1169.336	0.0600000000001	horizontal	29	616
VDD	PATH_11_434	{20.0000 745.6180} {1189.3360 745.6780}	20.0000	745.6180	1189.3360	745.6780	1169.336	0.0599999999999	horizontal	29	564
VDD	PATH_11_432	{20.0000 742.2740} {1189.3360 742.3340}	20.0000	742.2740	1189.3360	742.3340	1169.336	0.0599999999999	horizontal	29	578
VDD	PATH_11_430	{20.0000 738.9300} {1189.3360 738.9900}	20.0000	738.9300	1189.3360	738.9900	1169.336	0.0600000000001	horizontal	29	620
VDD	PATH_11_428	{20.0000 735.5860} {1189.3360 735.6460}	20.0000	735.5860	1189.3360	735.6460	1169.336	0.0599999999999	horizontal	29	609
VDD	PATH_11_426	{20.0000 732.2420} {1189.3360 732.3020}	20.0000	732.2420	1189.3360	732.3020	1169.336	0.0600000000001	horizontal	29	622
VDD	PATH_11_424	{20.0000 728.8980} {1189.3360 728.9580}	20.0000	728.8980	1189.3360	728.9580	1169.336	0.0599999999999	horizontal	29	689
VDD	PATH_11_422	{20.0000 725.5540} {1189.3360 725.6140}	20.0000	725.5540	1189.3360	725.6140	1169.336	0.0600000000001	horizontal	29	641
VDD	PATH_11_420	{20.0000 722.2100} {1189.3360 722.2700}	20.0000	722.2100	1189.3360	722.2700	1169.336	0.0599999999999	horizontal	29	662
VDD	PATH_11_418	{20.0000 718.8660} {1189.3360 718.9260}	20.0000	718.8660	1189.3360	718.9260	1169.336	0.0600000000001	horizontal	29	653
VDD	PATH_11_416	{20.0000 715.5220} {1189.3360 715.5820}	20.0000	715.5220	1189.3360	715.5820	1169.336	0.0599999999999	horizontal	29	684
VDD	PATH_11_414	{20.0000 712.1780} {1189.3360 712.2380}	20.0000	712.1780	1189.3360	712.2380	1169.336	0.0600000000001	horizontal	29	711
VDD	PATH_11_412	{20.0000 708.8340} {1189.3360 708.8940}	20.0000	708.8340	1189.3360	708.8940	1169.336	0.0600000000001	horizontal	29	690
VDD	PATH_11_410	{20.0000 705.4900} {1189.3360 705.5500}	20.0000	705.4900	1189.3360	705.5500	1169.336	0.0599999999999	horizontal	29	700
VDD	PATH_11_408	{20.0000 702.1460} {1189.3360 702.2060}	20.0000	702.1460	1189.3360	702.2060	1169.336	0.0600000000001	horizontal	29	697
VDD	PATH_11_406	{20.0000 698.8020} {1189.3360 698.8620}	20.0000	698.8020	1189.3360	698.8620	1169.336	0.0599999999999	horizontal	29	675
VDD	PATH_11_404	{20.0000 695.4580} {1189.3360 695.5180}	20.0000	695.4580	1189.3360	695.5180	1169.336	0.0600000000001	horizontal	29	656
VDD	PATH_11_402	{20.0000 692.1140} {1189.3360 692.1740}	20.0000	692.1140	1189.3360	692.1740	1169.336	0.0599999999999	horizontal	29	659
VDD	PATH_11_400	{20.0000 688.7700} {1189.3360 688.8300}	20.0000	688.7700	1189.3360	688.8300	1169.336	0.0600000000001	horizontal	29	684
VDD	PATH_11_398	{20.0000 685.4260} {1189.3360 685.4860}	20.0000	685.4260	1189.3360	685.4860	1169.336	0.0599999999999	horizontal	29	680
VDD	PATH_11_396	{20.0000 682.0820} {1189.3360 682.1420}	20.0000	682.0820	1189.3360	682.1420	1169.336	0.0600000000001	horizontal	29	660
VDD	PATH_11_394	{20.0000 678.7380} {1189.3360 678.7980}	20.0000	678.7380	1189.3360	678.7980	1169.336	0.0599999999999	horizontal	29	672
VDD	PATH_11_392	{20.0000 675.3940} {1189.3360 675.4540}	20.0000	675.3940	1189.3360	675.4540	1169.336	0.0599999999999	horizontal	29	638
VDD	PATH_11_390	{20.0000 672.0500} {1189.3360 672.1100}	20.0000	672.0500	1189.3360	672.1100	1169.336	0.0600000000001	horizontal	29	636
VDD	PATH_11_388	{20.0000 668.7060} {1189.3360 668.7660}	20.0000	668.7060	1189.3360	668.7660	1169.336	0.0599999999999	horizontal	29	584
VDD	PATH_11_386	{20.0000 665.3620} {1189.3360 665.4220}	20.0000	665.3620	1189.3360	665.4220	1169.336	0.0600000000001	horizontal	29	597
VDD	PATH_11_384	{20.0000 662.0180} {1189.3360 662.0780}	20.0000	662.0180	1189.3360	662.0780	1169.336	0.0599999999999	horizontal	29	605
VDD	PATH_11_382	{20.0000 658.6740} {1189.3360 658.7340}	20.0000	658.6740	1189.3360	658.7340	1169.336	0.0600000000001	horizontal	29	590
VDD	PATH_11_380	{20.0000 655.3300} {1189.3360 655.3900}	20.0000	655.3300	1189.3360	655.3900	1169.336	0.0599999999999	horizontal	29	595
VDD	PATH_11_378	{20.0000 651.9860} {1189.3360 652.0460}	20.0000	651.9860	1189.3360	652.0460	1169.336	0.0600000000001	horizontal	29	557
VDD	PATH_11_376	{20.0000 648.6420} {1189.3360 648.7020}	20.0000	648.6420	1189.3360	648.7020	1169.336	0.0599999999999	horizontal	29	541
VDD	PATH_11_374	{20.0000 645.2980} {1189.3360 645.3580}	20.0000	645.2980	1189.3360	645.3580	1169.336	0.0599999999999	horizontal	29	540
VDD	PATH_11_372	{20.0000 641.9540} {1189.3360 642.0140}	20.0000	641.9540	1189.3360	642.0140	1169.336	0.0600000000001	horizontal	29	585
VDD	PATH_11_370	{20.0000 638.6100} {1189.3360 638.6700}	20.0000	638.6100	1189.3360	638.6700	1169.336	0.0599999999999	horizontal	29	534
VDD	PATH_11_368	{20.0000 635.2660} {1189.3360 635.3260}	20.0000	635.2660	1189.3360	635.3260	1169.336	0.0600000000001	horizontal	29	501
VDD	PATH_11_366	{20.0000 631.9220} {1189.3360 631.9820}	20.0000	631.9220	1189.3360	631.9820	1169.336	0.0599999999999	horizontal	29	537
VDD	PATH_11_364	{20.0000 628.5780} {1189.3360 628.6380}	20.0000	628.5780	1189.3360	628.6380	1169.336	0.0600000000001	horizontal	29	538
VDD	PATH_11_362	{20.0000 625.2340} {1189.3360 625.2940}	20.0000	625.2340	1189.3360	625.2940	1169.336	0.0599999999999	horizontal	29	550
VDD	PATH_11_360	{20.0000 621.8900} {1189.3360 621.9500}	20.0000	621.8900	1189.3360	621.9500	1169.336	0.0600000000001	horizontal	29	530
VDD	PATH_11_358	{20.0000 618.5460} {1189.3360 618.6060}	20.0000	618.5460	1189.3360	618.6060	1169.336	0.0599999999999	horizontal	29	545
VDD	PATH_11_356	{20.0000 615.2020} {1189.3360 615.2620}	20.0000	615.2020	1189.3360	615.2620	1169.336	0.0599999999999	horizontal	29	538
VDD	PATH_11_354	{20.0000 611.8580} {1189.3360 611.9180}	20.0000	611.8580	1189.3360	611.9180	1169.336	0.0600000000001	horizontal	29	536
VDD	PATH_11_352	{20.0000 608.5140} {1189.3360 608.5740}	20.0000	608.5140	1189.3360	608.5740	1169.336	0.0599999999999	horizontal	29	575
VDD	PATH_11_350	{20.0000 605.1700} {1189.3360 605.2300}	20.0000	605.1700	1189.3360	605.2300	1169.336	0.0600000000001	horizontal	29	530
VDD	PATH_11_348	{20.0000 601.8260} {1189.3360 601.8860}	20.0000	601.8260	1189.3360	601.8860	1169.336	0.0599999999999	horizontal	29	565
VDD	PATH_11_346	{20.0000 598.4820} {1189.3360 598.5420}	20.0000	598.4820	1189.3360	598.5420	1169.336	0.0600000000001	horizontal	29	571
VDD	PATH_11_344	{20.0000 595.1380} {1189.3360 595.1980}	20.0000	595.1380	1189.3360	595.1980	1169.336	0.0599999999999	horizontal	29	558
VDD	PATH_11_342	{20.0000 591.7940} {1189.3360 591.8540}	20.0000	591.7940	1189.3360	591.8540	1169.336	0.0600000000001	horizontal	29	543
VDD	PATH_11_340	{20.0000 588.4500} {1189.3360 588.5100}	20.0000	588.4500	1189.3360	588.5100	1169.336	0.0599999999999	horizontal	29	536
VDD	PATH_11_338	{20.0000 585.1060} {1189.3360 585.1660}	20.0000	585.1060	1189.3360	585.1660	1169.336	0.0600000000001	horizontal	29	543
VDD	PATH_11_336	{20.0000 581.7620} {1189.3360 581.8220}	20.0000	581.7620	1189.3360	581.8220	1169.336	0.0600000000001	horizontal	29	550
VDD	PATH_11_334	{20.0000 578.4180} {1189.3360 578.4780}	20.0000	578.4180	1189.3360	578.4780	1169.336	0.0599999999999	horizontal	29	566
VDD	PATH_11_332	{20.0000 575.0740} {1189.3360 575.1340}	20.0000	575.0740	1189.3360	575.1340	1169.336	0.0600000000001	horizontal	29	574
VDD	PATH_11_330	{20.0000 571.7300} {1189.3360 571.7900}	20.0000	571.7300	1189.3360	571.7900	1169.336	0.0599999999999	horizontal	29	548
VDD	PATH_11_328	{20.0000 568.3860} {1189.3360 568.4460}	20.0000	568.3860	1189.3360	568.4460	1169.336	0.0600000000001	horizontal	174	563
VDD	PATH_11_326	{20.0000 565.0420} {1189.3360 565.1020}	20.0000	565.0420	1189.3360	565.1020	1169.336	0.0599999999999	horizontal	29	557
VDD	PATH_11_324	{20.0000 561.6980} {1189.3360 561.7580}	20.0000	561.6980	1189.3360	561.7580	1169.336	0.0600000000001	horizontal	29	562
VDD	PATH_11_322	{20.0000 558.3540} {1189.3360 558.4140}	20.0000	558.3540	1189.3360	558.4140	1169.336	0.0599999999999	horizontal	29	536
VDD	PATH_11_320	{20.0000 555.0100} {1189.3360 555.0700}	20.0000	555.0100	1189.3360	555.0700	1169.336	0.0600000000001	horizontal	29	592
VDD	PATH_11_318	{20.0000 551.6660} {1189.3360 551.7260}	20.0000	551.6660	1189.3360	551.7260	1169.336	0.0599999999999	horizontal	29	612
VDD	PATH_11_316	{20.0000 548.3220} {1189.3360 548.3820}	20.0000	548.3220	1189.3360	548.3820	1169.336	0.0599999999999	horizontal	29	623
VDD	PATH_11_314	{20.0000 544.9780} {1189.3360 545.0380}	20.0000	544.9780	1189.3360	545.0380	1169.336	0.0600000000001	horizontal	29	591
VDD	PATH_11_312	{20.0000 541.6340} {1189.3360 541.6940}	20.0000	541.6340	1189.3360	541.6940	1169.336	0.0599999999999	horizontal	29	543
VDD	PATH_11_310	{20.0000 538.2900} {1189.3360 538.3500}	20.0000	538.2900	1189.3360	538.3500	1169.336	0.0600000000001	horizontal	29	554
VDD	PATH_11_308	{20.0000 534.9460} {1189.3360 535.0060}	20.0000	534.9460	1189.3360	535.0060	1169.336	0.0599999999999	horizontal	29	558
VDD	PATH_11_306	{20.0000 531.6020} {1189.3360 531.6620}	20.0000	531.6020	1189.3360	531.6620	1169.336	0.0600000000001	horizontal	29	583
VDD	PATH_11_304	{20.0000 528.2580} {1189.3360 528.3180}	20.0000	528.2580	1189.3360	528.3180	1169.336	0.0599999999999	horizontal	174	568
VDD	PATH_11_302	{20.0000 524.9140} {1189.3360 524.9740}	20.0000	524.9140	1189.3360	524.9740	1169.336	0.0600000000001	horizontal	29	551
VDD	PATH_11_300	{20.0000 521.5700} {1189.3360 521.6300}	20.0000	521.5700	1189.3360	521.6300	1169.336	0.0599999999999	horizontal	29	580
VDD	PATH_11_298	{20.0000 518.2260} {1189.3360 518.2860}	20.0000	518.2260	1189.3360	518.2860	1169.336	0.0599999999999	horizontal	29	581
VDD	PATH_11_296	{20.0000 514.8820} {1189.3360 514.9420}	20.0000	514.8820	1189.3360	514.9420	1169.336	0.0600000000001	horizontal	29	586
VDD	PATH_11_294	{20.0000 511.5380} {1189.3360 511.5980}	20.0000	511.5380	1189.3360	511.5980	1169.336	0.06	horizontal	29	557
VDD	PATH_11_292	{20.0000 508.1940} {1189.3360 508.2540}	20.0000	508.1940	1189.3360	508.2540	1169.336	0.06	horizontal	29	578
VDD	PATH_11_290	{20.0000 504.8500} {1189.3360 504.9100}	20.0000	504.8500	1189.3360	504.9100	1169.336	0.06	horizontal	29	620
VDD	PATH_11_288	{20.0000 501.5060} {1189.3360 501.5660}	20.0000	501.5060	1189.3360	501.5660	1169.336	0.06	horizontal	29	623
VDD	PATH_11_286	{20.0000 498.1620} {1189.3360 498.2220}	20.0000	498.1620	1189.3360	498.2220	1169.336	0.06	horizontal	29	602
VDD	PATH_11_284	{20.0000 494.8180} {1189.3360 494.8780}	20.0000	494.8180	1189.3360	494.8780	1169.336	0.06	horizontal	29	579
VDD	PATH_11_282	{20.0000 491.4740} {1189.3360 491.5340}	20.0000	491.4740	1189.3360	491.5340	1169.336	0.06	horizontal	29	643
VDD	PATH_11_280	{20.0000 488.1300} {1189.3360 488.1900}	20.0000	488.1300	1189.3360	488.1900	1169.336	0.06	horizontal	174	633
VDD	PATH_11_278	{20.0000 484.7860} {1189.3360 484.8460}	20.0000	484.7860	1189.3360	484.8460	1169.336	0.06	horizontal	29	641
VDD	PATH_11_276	{20.0000 481.4420} {1189.3360 481.5020}	20.0000	481.4420	1189.3360	481.5020	1169.336	0.06	horizontal	29	670
VDD	PATH_11_274	{20.0000 478.0980} {1189.3360 478.1580}	20.0000	478.0980	1189.3360	478.1580	1169.336	0.06	horizontal	29	613
VDD	PATH_11_272	{20.0000 474.7540} {1189.3360 474.8140}	20.0000	474.7540	1189.3360	474.8140	1169.336	0.06	horizontal	29	637
VDD	PATH_11_270	{20.0000 471.4100} {1189.3360 471.4700}	20.0000	471.4100	1189.3360	471.4700	1169.336	0.06	horizontal	29	652
VDD	PATH_11_268	{20.0000 468.0660} {1189.3360 468.1260}	20.0000	468.0660	1189.3360	468.1260	1169.336	0.06	horizontal	29	628
VDD	PATH_11_266	{20.0000 464.7220} {1189.3360 464.7820}	20.0000	464.7220	1189.3360	464.7820	1169.336	0.06	horizontal	29	639
VDD	PATH_11_264	{20.0000 461.3780} {1189.3360 461.4380}	20.0000	461.3780	1189.3360	461.4380	1169.336	0.06	horizontal	29	644
VDD	PATH_11_262	{20.0000 458.0340} {1189.3360 458.0940}	20.0000	458.0340	1189.3360	458.0940	1169.336	0.06	horizontal	29	667
VDD	PATH_11_260	{20.0000 454.6900} {1189.3360 454.7500}	20.0000	454.6900	1189.3360	454.7500	1169.336	0.06	horizontal	29	665
VDD	PATH_11_258	{20.0000 451.3460} {1189.3360 451.4060}	20.0000	451.3460	1189.3360	451.4060	1169.336	0.06	horizontal	29	656
VDD	PATH_11_256	{20.0000 448.0020} {1189.3360 448.0620}	20.0000	448.0020	1189.3360	448.0620	1169.336	0.06	horizontal	174	628
VDD	PATH_11_254	{20.0000 444.6580} {1189.3360 444.7180}	20.0000	444.6580	1189.3360	444.7180	1169.336	0.06	horizontal	29	619
VDD	PATH_11_252	{20.0000 441.3140} {1189.3360 441.3740}	20.0000	441.3140	1189.3360	441.3740	1169.336	0.06	horizontal	29	630
VDD	PATH_11_250	{20.0000 437.9700} {1189.3360 438.0300}	20.0000	437.9700	1189.3360	438.0300	1169.336	0.0599999999999	horizontal	29	611
VDD	PATH_11_248	{20.0000 434.6260} {1189.3360 434.6860}	20.0000	434.6260	1189.3360	434.6860	1169.336	0.06	horizontal	29	649
VDD	PATH_11_246	{20.0000 431.2820} {1189.3360 431.3420}	20.0000	431.2820	1189.3360	431.3420	1169.336	0.06	horizontal	29	649
VDD	PATH_11_244	{20.0000 427.9380} {1189.3360 427.9980}	20.0000	427.9380	1189.3360	427.9980	1169.336	0.06	horizontal	29	634
VDD	PATH_11_242	{20.0000 424.5940} {1189.3360 424.6540}	20.0000	424.5940	1189.3360	424.6540	1169.336	0.06	horizontal	29	664
VDD	PATH_11_240	{20.0000 421.2500} {1189.3360 421.3100}	20.0000	421.2500	1189.3360	421.3100	1169.336	0.06	horizontal	29	658
VDD	PATH_11_238	{20.0000 417.9060} {1189.3360 417.9660}	20.0000	417.9060	1189.3360	417.9660	1169.336	0.06	horizontal	29	648
VDD	PATH_11_236	{20.0000 414.5620} {1189.3360 414.6220}	20.0000	414.5620	1189.3360	414.6220	1169.336	0.06	horizontal	29	642
VDD	PATH_11_234	{20.0000 411.2180} {1189.3360 411.2780}	20.0000	411.2180	1189.3360	411.2780	1169.336	0.06	horizontal	29	641
VDD	PATH_11_232	{20.0000 407.8740} {1189.3360 407.9340}	20.0000	407.8740	1189.3360	407.9340	1169.336	0.06	horizontal	174	667
VDD	PATH_11_230	{20.0000 404.5300} {1189.3360 404.5900}	20.0000	404.5300	1189.3360	404.5900	1169.336	0.06	horizontal	29	656
VDD	PATH_11_228	{20.0000 401.1860} {1189.3360 401.2460}	20.0000	401.1860	1189.3360	401.2460	1169.336	0.06	horizontal	29	689
VDD	PATH_11_226	{20.0000 397.8420} {1189.3360 397.9020}	20.0000	397.8420	1189.3360	397.9020	1169.336	0.06	horizontal	29	652
VDD	PATH_11_224	{20.0000 394.4980} {1189.3360 394.5580}	20.0000	394.4980	1189.3360	394.5580	1169.336	0.06	horizontal	29	660
VDD	PATH_11_222	{20.0000 391.1540} {1189.3360 391.2140}	20.0000	391.1540	1189.3360	391.2140	1169.336	0.06	horizontal	29	682
VDD	PATH_11_220	{20.0000 387.8100} {1189.3360 387.8700}	20.0000	387.8100	1189.3360	387.8700	1169.336	0.06	horizontal	29	648
VDD	PATH_11_218	{20.0000 384.4660} {1189.3360 384.5260}	20.0000	384.4660	1189.3360	384.5260	1169.336	0.06	horizontal	29	639
VDD	PATH_11_216	{20.0000 381.1220} {1189.3360 381.1820}	20.0000	381.1220	1189.3360	381.1820	1169.336	0.06	horizontal	29	685
VDD	PATH_11_214	{20.0000 377.7780} {1189.3360 377.8380}	20.0000	377.7780	1189.3360	377.8380	1169.336	0.06	horizontal	29	682
VDD	PATH_11_212	{20.0000 374.4340} {1189.3360 374.4940}	20.0000	374.4340	1189.3360	374.4940	1169.336	0.06	horizontal	29	687
VDD	PATH_11_210	{20.0000 371.0900} {1189.3360 371.1500}	20.0000	371.0900	1189.3360	371.1500	1169.336	0.06	horizontal	29	673
VDD	PATH_11_208	{20.0000 367.7460} {1189.3360 367.8060}	20.0000	367.7460	1189.3360	367.8060	1169.336	0.06	horizontal	174	642
VDD	PATH_11_206	{20.0000 364.4020} {1189.3360 364.4620}	20.0000	364.4020	1189.3360	364.4620	1169.336	0.06	horizontal	29	669
VDD	PATH_11_204	{20.0000 361.0580} {1189.3360 361.1180}	20.0000	361.0580	1189.3360	361.1180	1169.336	0.06	horizontal	29	653
VDD	PATH_11_202	{20.0000 357.7140} {1189.3360 357.7740}	20.0000	357.7140	1189.3360	357.7740	1169.336	0.06	horizontal	29	663
VDD	PATH_11_200	{20.0000 354.3700} {1189.3360 354.4300}	20.0000	354.3700	1189.3360	354.4300	1169.336	0.06	horizontal	29	647
VDD	PATH_11_198	{20.0000 351.0260} {1189.3360 351.0860}	20.0000	351.0260	1189.3360	351.0860	1169.336	0.06	horizontal	29	611
VDD	PATH_11_196	{20.0000 347.6820} {1189.3360 347.7420}	20.0000	347.6820	1189.3360	347.7420	1169.336	0.06	horizontal	29	637
VDD	PATH_11_194	{20.0000 344.3380} {1189.3360 344.3980}	20.0000	344.3380	1189.3360	344.3980	1169.336	0.06	horizontal	29	646
VDD	PATH_11_192	{20.0000 340.9940} {1189.3360 341.0540}	20.0000	340.9940	1189.3360	341.0540	1169.336	0.0599999999999	horizontal	29	654
VDD	PATH_11_190	{20.0000 337.6500} {1189.3360 337.7100}	20.0000	337.6500	1189.3360	337.7100	1169.336	0.06	horizontal	29	670
VDD	PATH_11_188	{20.0000 334.3060} {1189.3360 334.3660}	20.0000	334.3060	1189.3360	334.3660	1169.336	0.06	horizontal	29	708
VDD	PATH_11_186	{20.0000 330.9620} {1189.3360 331.0220}	20.0000	330.9620	1189.3360	331.0220	1169.336	0.06	horizontal	29	686
VDD	PATH_11_184	{20.0000 327.6180} {1189.3360 327.6780}	20.0000	327.6180	1189.3360	327.6780	1169.336	0.06	horizontal	174	746
VDD	PATH_11_182	{20.0000 324.2740} {1189.3360 324.3340}	20.0000	324.2740	1189.3360	324.3340	1169.336	0.06	horizontal	29	748
VDD	PATH_11_180	{20.0000 320.9300} {1189.3360 320.9900}	20.0000	320.9300	1189.3360	320.9900	1169.336	0.06	horizontal	29	718
VDD	PATH_11_178	{20.0000 317.5860} {1189.3360 317.6460}	20.0000	317.5860	1189.3360	317.6460	1169.336	0.06	horizontal	29	718
VDD	PATH_11_176	{20.0000 314.2420} {1189.3360 314.3020}	20.0000	314.2420	1189.3360	314.3020	1169.336	0.06	horizontal	29	720
VDD	PATH_11_174	{20.0000 310.8980} {1189.3360 310.9580}	20.0000	310.8980	1189.3360	310.9580	1169.336	0.06	horizontal	29	733
VDD	PATH_11_172	{20.0000 307.5540} {1189.3360 307.6140}	20.0000	307.5540	1189.3360	307.6140	1169.336	0.06	horizontal	29	683
VDD	PATH_11_170	{20.0000 304.2100} {1189.3360 304.2700}	20.0000	304.2100	1189.3360	304.2700	1169.336	0.06	horizontal	29	737
VDD	PATH_11_168	{20.0000 300.8660} {1189.3360 300.9260}	20.0000	300.8660	1189.3360	300.9260	1169.336	0.06	horizontal	29	745
VDD	PATH_11_166	{20.0000 297.5220} {1189.3360 297.5820}	20.0000	297.5220	1189.3360	297.5820	1169.336	0.06	horizontal	29	747
VDD	PATH_11_164	{20.0000 294.1780} {1189.3360 294.2380}	20.0000	294.1780	1189.3360	294.2380	1169.336	0.06	horizontal	29	674
VDD	PATH_11_162	{20.0000 290.8340} {1189.3360 290.8940}	20.0000	290.8340	1189.3360	290.8940	1169.336	0.06	horizontal	29	697
VDD	PATH_11_160	{20.0000 287.4900} {1189.3360 287.5500}	20.0000	287.4900	1189.3360	287.5500	1169.336	0.06	horizontal	29	703
VDD	PATH_11_158	{20.0000 284.1460} {1189.3360 284.2060}	20.0000	284.1460	1189.3360	284.2060	1169.336	0.06	horizontal	29	676
VDD	PATH_11_156	{20.0000 280.8020} {1189.3360 280.8620}	20.0000	280.8020	1189.3360	280.8620	1169.336	0.06	horizontal	29	704
VDD	PATH_11_154	{20.0000 277.4580} {1189.3360 277.5180}	20.0000	277.4580	1189.3360	277.5180	1169.336	0.0599999999999	horizontal	29	684
VDD	PATH_11_152	{20.0000 274.1140} {1189.3360 274.1740}	20.0000	274.1140	1189.3360	274.1740	1169.336	0.06	horizontal	29	709
VDD	PATH_11_150	{20.0000 270.7700} {1189.3360 270.8300}	20.0000	270.7700	1189.3360	270.8300	1169.336	0.06	horizontal	29	692
VDD	PATH_11_148	{20.0000 267.4260} {1189.3360 267.4860}	20.0000	267.4260	1189.3360	267.4860	1169.336	0.06	horizontal	29	701
VDD	PATH_11_146	{20.0000 264.0820} {1189.3360 264.1420}	20.0000	264.0820	1189.3360	264.1420	1169.336	0.06	horizontal	29	657
VDD	PATH_11_144	{20.0000 260.7380} {1189.3360 260.7980}	20.0000	260.7380	1189.3360	260.7980	1169.336	0.06	horizontal	29	713
VDD	PATH_11_142	{20.0000 257.3940} {1189.3360 257.4540}	20.0000	257.3940	1189.3360	257.4540	1169.336	0.06	horizontal	29	695
VDD	PATH_11_140	{20.0000 254.0500} {1189.3360 254.1100}	20.0000	254.0500	1189.3360	254.1100	1169.336	0.06	horizontal	29	708
VDD	PATH_11_138	{20.0000 250.7060} {1189.3360 250.7660}	20.0000	250.7060	1189.3360	250.7660	1169.336	0.06	horizontal	29	712
VDD	PATH_11_136	{20.0000 247.3620} {1189.3360 247.4220}	20.0000	247.3620	1189.3360	247.4220	1169.336	0.06	horizontal	29	663
VDD	PATH_11_134	{20.0000 244.0180} {1189.3360 244.0780}	20.0000	244.0180	1189.3360	244.0780	1169.336	0.06	horizontal	29	668
VDD	PATH_11_132	{20.0000 240.6740} {1189.3360 240.7340}	20.0000	240.6740	1189.3360	240.7340	1169.336	0.06	horizontal	29	684
VDD	PATH_11_130	{20.0000 237.3300} {1189.3360 237.3900}	20.0000	237.3300	1189.3360	237.3900	1169.336	0.06	horizontal	29	668
VDD	PATH_11_128	{20.0000 233.9860} {1189.3360 234.0460}	20.0000	233.9860	1189.3360	234.0460	1169.336	0.06	horizontal	29	654
VDD	PATH_11_126	{20.0000 230.6420} {1189.3360 230.7020}	20.0000	230.6420	1189.3360	230.7020	1169.336	0.06	horizontal	29	666
VDD	PATH_11_124	{20.0000 227.2980} {1189.3360 227.3580}	20.0000	227.2980	1189.3360	227.3580	1169.336	0.06	horizontal	29	661
VDD	PATH_11_122	{20.0000 223.9540} {1189.3360 224.0140}	20.0000	223.9540	1189.3360	224.0140	1169.336	0.06	horizontal	29	704
VDD	PATH_11_120	{20.0000 220.6100} {1189.3360 220.6700}	20.0000	220.6100	1189.3360	220.6700	1169.336	0.06	horizontal	29	645
VDD	PATH_11_118	{20.0000 217.2660} {1189.3360 217.3260}	20.0000	217.2660	1189.3360	217.3260	1169.336	0.06	horizontal	29	675
VDD	PATH_11_116	{20.0000 213.9220} {1189.3360 213.9820}	20.0000	213.9220	1189.3360	213.9820	1169.336	0.06	horizontal	29	673
VDD	PATH_11_114	{20.0000 210.5780} {1189.3360 210.6380}	20.0000	210.5780	1189.3360	210.6380	1169.336	0.06	horizontal	29	668
VDD	PATH_11_112	{20.0000 207.2340} {1189.3360 207.2940}	20.0000	207.2340	1189.3360	207.2940	1169.336	0.06	horizontal	29	680
VDD	PATH_11_110	{20.0000 203.8900} {1189.3360 203.9500}	20.0000	203.8900	1189.3360	203.9500	1169.336	0.06	horizontal	29	655
VDD	PATH_11_108	{20.0000 200.5460} {1189.3360 200.6060}	20.0000	200.5460	1189.3360	200.6060	1169.336	0.06	horizontal	29	672
VDD	PATH_11_106	{20.0000 197.2020} {1189.3360 197.2620}	20.0000	197.2020	1189.3360	197.2620	1169.336	0.06	horizontal	29	664
VDD	PATH_11_104	{20.0000 193.8580} {1189.3360 193.9180}	20.0000	193.8580	1189.3360	193.9180	1169.336	0.06	horizontal	29	651
VDD	PATH_11_102	{20.0000 190.5140} {1189.3360 190.5740}	20.0000	190.5140	1189.3360	190.5740	1169.336	0.06	horizontal	29	671
VDD	PATH_11_100	{20.0000 187.1700} {1189.3360 187.2300}	20.0000	187.1700	1189.3360	187.2300	1169.336	0.06	horizontal	29	664
VDD	PATH_11_98	{20.0000 183.8260} {1189.3360 183.8860}	20.0000	183.8260	1189.3360	183.8860	1169.336	0.06	horizontal	29	677
VDD	PATH_11_96	{20.0000 180.4820} {1189.3360 180.5420}	20.0000	180.4820	1189.3360	180.5420	1169.336	0.06	horizontal	29	693
VDD	PATH_11_94	{20.0000 177.1380} {1189.3360 177.1980}	20.0000	177.1380	1189.3360	177.1980	1169.336	0.06	horizontal	29	698
VDD	PATH_11_92	{20.0000 173.7940} {1189.3360 173.8540}	20.0000	173.7940	1189.3360	173.8540	1169.336	0.06	horizontal	29	687
VDD	PATH_11_90	{20.0000 170.4500} {1189.3360 170.5100}	20.0000	170.4500	1189.3360	170.5100	1169.336	0.06	horizontal	29	672
VDD	PATH_11_88	{20.0000 167.1060} {1189.3360 167.1660}	20.0000	167.1060	1189.3360	167.1660	1169.336	0.06	horizontal	29	677
VDD	PATH_11_86	{20.0000 163.7620} {1189.3360 163.8220}	20.0000	163.7620	1189.3360	163.8220	1169.336	0.06	horizontal	29	680
VDD	PATH_11_84	{20.0000 160.4180} {1189.3360 160.4780}	20.0000	160.4180	1189.3360	160.4780	1169.336	0.06	horizontal	29	667
VDD	PATH_11_82	{20.0000 157.0740} {1189.3360 157.1340}	20.0000	157.0740	1189.3360	157.1340	1169.336	0.06	horizontal	29	711
VDD	PATH_11_80	{20.0000 153.7300} {1189.3360 153.7900}	20.0000	153.7300	1189.3360	153.7900	1169.336	0.06	horizontal	29	697
VDD	PATH_11_78	{20.0000 150.3860} {1189.3360 150.4460}	20.0000	150.3860	1189.3360	150.4460	1169.336	0.06	horizontal	29	700
VDD	PATH_11_76	{20.0000 147.0420} {1189.3360 147.1020}	20.0000	147.0420	1189.3360	147.1020	1169.336	0.06	horizontal	29	661
VDD	PATH_11_74	{20.0000 143.6980} {1189.3360 143.7580}	20.0000	143.6980	1189.3360	143.7580	1169.336	0.06	horizontal	29	676
VDD	PATH_11_72	{20.0000 140.3540} {1189.3360 140.4140}	20.0000	140.3540	1189.3360	140.4140	1169.336	0.06	horizontal	29	644
VDD	PATH_11_70	{20.0000 137.0100} {1189.3360 137.0700}	20.0000	137.0100	1189.3360	137.0700	1169.336	0.06	horizontal	29	652
VDD	PATH_11_68	{20.0000 133.6660} {1189.3360 133.7260}	20.0000	133.6660	1189.3360	133.7260	1169.336	0.06	horizontal	29	678
VDD	PATH_11_66	{20.0000 130.3220} {1189.3360 130.3820}	20.0000	130.3220	1189.3360	130.3820	1169.336	0.06	horizontal	29	658
VDD	PATH_11_64	{20.0000 126.9780} {1189.3360 127.0380}	20.0000	126.9780	1189.3360	127.0380	1169.336	0.06	horizontal	29	650
VDD	PATH_11_62	{20.0000 123.6340} {1189.3360 123.6940}	20.0000	123.6340	1189.3360	123.6940	1169.336	0.06	horizontal	29	665
VDD	PATH_11_60	{20.0000 120.2900} {1189.3360 120.3500}	20.0000	120.2900	1189.3360	120.3500	1169.336	0.06	horizontal	29	629
VDD	PATH_11_58	{20.0000 116.9460} {1189.3360 117.0060}	20.0000	116.9460	1189.3360	117.0060	1169.336	0.06	horizontal	29	624
VDD	PATH_11_56	{20.0000 113.6020} {1189.3360 113.6620}	20.0000	113.6020	1189.3360	113.6620	1169.336	0.06	horizontal	29	635
VDD	PATH_11_54	{20.0000 110.2580} {1189.3360 110.3180}	20.0000	110.2580	1189.3360	110.3180	1169.336	0.06	horizontal	29	623
VDD	PATH_11_52	{20.0000 106.9140} {1189.3360 106.9740}	20.0000	106.9140	1189.3360	106.9740	1169.336	0.06	horizontal	29	605
VDD	PATH_11_50	{20.0000 103.5700} {1189.3360 103.6300}	20.0000	103.5700	1189.3360	103.6300	1169.336	0.06	horizontal	29	612
VDD	PATH_11_48	{20.0000 100.2260} {1189.3360 100.2860}	20.0000	100.2260	1189.3360	100.2860	1169.336	0.06	horizontal	29	623
VDD	PATH_11_46	{20.0000 96.8820} {1189.3360 96.9420}	20.0000	96.8820	1189.3360	96.9420	1169.336	0.06	horizontal	29	630
VDD	PATH_11_44	{20.0000 93.5380} {1189.3360 93.5980}	20.0000	93.5380	1189.3360	93.5980	1169.336	0.06	horizontal	29	621
VDD	PATH_11_42	{20.0000 90.1940} {1189.3360 90.2540}	20.0000	90.1940	1189.3360	90.2540	1169.336	0.06	horizontal	29	609
VDD	PATH_11_40	{20.0000 86.8500} {1189.3360 86.9100}	20.0000	86.8500	1189.3360	86.9100	1169.336	0.06	horizontal	29	610
VDD	PATH_11_38	{20.0000 83.5060} {1189.3360 83.5660}	20.0000	83.5060	1189.3360	83.5660	1169.336	0.06	horizontal	29	578
VDD	PATH_11_36	{20.0000 80.1620} {1189.3360 80.2220}	20.0000	80.1620	1189.3360	80.2220	1169.336	0.06	horizontal	29	588
VDD	PATH_11_34	{20.0000 76.8180} {1189.3360 76.8780}	20.0000	76.8180	1189.3360	76.8780	1169.336	0.06	horizontal	29	597
VDD	PATH_11_32	{20.0000 73.4740} {1189.3360 73.5340}	20.0000	73.4740	1189.3360	73.5340	1169.336	0.06	horizontal	29	590
VDD	PATH_11_30	{20.0000 70.1300} {1189.3360 70.1900}	20.0000	70.1300	1189.3360	70.1900	1169.336	0.06	horizontal	29	609
VDD	PATH_11_28	{20.0000 66.7860} {1189.3360 66.8460}	20.0000	66.7860	1189.3360	66.8460	1169.336	0.06	horizontal	29	574
VDD	PATH_11_26	{20.0000 63.4420} {1189.3360 63.5020}	20.0000	63.4420	1189.3360	63.5020	1169.336	0.06	horizontal	29	610
VDD	PATH_11_24	{20.0000 60.0980} {1189.3360 60.1580}	20.0000	60.0980	1189.3360	60.1580	1169.336	0.06	horizontal	29	569
VDD	PATH_11_22	{20.0000 56.7540} {1189.3360 56.8140}	20.0000	56.7540	1189.3360	56.8140	1169.336	0.06	horizontal	29	547
VDD	PATH_11_20	{20.0000 53.4100} {1189.3360 53.4700}	20.0000	53.4100	1189.3360	53.4700	1169.336	0.06	horizontal	29	553
VDD	PATH_11_18	{20.0000 50.0660} {1189.3360 50.1260}	20.0000	50.0660	1189.3360	50.1260	1169.336	0.06	horizontal	29	528
VDD	PATH_11_16	{20.0000 46.7220} {1189.3360 46.7820}	20.0000	46.7220	1189.3360	46.7820	1169.336	0.06	horizontal	29	533
VDD	PATH_11_14	{20.0000 43.3780} {1189.3360 43.4380}	20.0000	43.3780	1189.3360	43.4380	1169.336	0.06	horizontal	29	551
VDD	PATH_11_12	{20.0000 40.0340} {1189.3360 40.0940}	20.0000	40.0340	1189.3360	40.0940	1169.336	0.06	horizontal	29	485
VDD	PATH_11_10	{20.0000 36.6900} {1189.3360 36.7500}	20.0000	36.6900	1189.3360	36.7500	1169.336	0.06	horizontal	29	522
VDD	PATH_11_8	{20.0000 33.3460} {1189.3360 33.4060}	20.0000	33.3460	1189.3360	33.4060	1169.336	0.06	horizontal	29	504
VDD	PATH_11_6	{20.0000 30.0020} {1189.3360 30.0620}	20.0000	30.0020	1189.3360	30.0620	1169.336	0.06	horizontal	29	473
VDD	PATH_11_4	{20.0000 26.6580} {1189.3360 26.7180}	20.0000	26.6580	1189.3360	26.7180	1169.336	0.06	horizontal	29	375
VDD	PATH_11_2	{20.0000 23.3140} {1189.3360 23.3740}	20.0000	23.3140	1189.3360	23.3740	1169.336	0.06	horizontal	29	192
VDD	PATH_11_0	{20.0000 19.9700} {1189.3360 20.0300}	20.0000	19.9700	1189.3360	20.0300	1169.336	0.06	horizontal	29	126
VSS	PATH_11_699	{20.0000 1188.6980} {1189.3360 1188.7580}	20.0000	1188.6980	1189.3360	1188.7580	1169.336	0.0599999999999	horizontal	29	103
VSS	PATH_11_697	{20.0000 1185.3540} {1189.3360 1185.4140}	20.0000	1185.3540	1189.3360	1185.4140	1169.336	0.0599999999999	horizontal	29	167
VSS	PATH_11_695	{20.0000 1182.0100} {1189.3360 1182.0700}	20.0000	1182.0100	1189.3360	1182.0700	1169.336	0.0599999999999	horizontal	29	194
VSS	PATH_11_693	{20.0000 1178.6660} {1189.3360 1178.7260}	20.0000	1178.6660	1189.3360	1178.7260	1169.336	0.0600000000002	horizontal	29	233
VSS	PATH_11_691	{20.0000 1175.3220} {1189.3360 1175.3820}	20.0000	1175.3220	1189.3360	1175.3820	1169.336	0.0600000000002	horizontal	29	291
VSS	PATH_11_689	{20.0000 1171.9780} {1189.3360 1172.0380}	20.0000	1171.9780	1189.3360	1172.0380	1169.336	0.0599999999999	horizontal	29	287
VSS	PATH_11_687	{20.0000 1168.6340} {1189.3360 1168.6940}	20.0000	1168.6340	1189.3360	1168.6940	1169.336	0.0599999999999	horizontal	29	323
VSS	PATH_11_685	{20.0000 1165.2900} {1189.3360 1165.3500}	20.0000	1165.2900	1189.3360	1165.3500	1169.336	0.0599999999999	horizontal	29	340
VSS	PATH_11_683	{20.0000 1161.9460} {1189.3360 1162.0060}	20.0000	1161.9460	1189.3360	1162.0060	1169.336	0.0600000000002	horizontal	29	372
VSS	PATH_11_681	{20.0000 1158.6020} {1189.3360 1158.6620}	20.0000	1158.6020	1189.3360	1158.6620	1169.336	0.0599999999999	horizontal	29	365
VSS	PATH_11_679	{20.0000 1155.2580} {1189.3360 1155.3180}	20.0000	1155.2580	1189.3360	1155.3180	1169.336	0.0599999999999	horizontal	29	389
VSS	PATH_11_677	{20.0000 1151.9140} {1189.3360 1151.9740}	20.0000	1151.9140	1189.3360	1151.9740	1169.336	0.0599999999999	horizontal	29	389
VSS	PATH_11_675	{20.0000 1148.5700} {1189.3360 1148.6300}	20.0000	1148.5700	1189.3360	1148.6300	1169.336	0.0600000000002	horizontal	29	387
VSS	PATH_11_673	{20.0000 1145.2260} {1189.3360 1145.2860}	20.0000	1145.2260	1189.3360	1145.2860	1169.336	0.0599999999999	horizontal	29	410
VSS	PATH_11_671	{20.0000 1141.8820} {1189.3360 1141.9420}	20.0000	1141.8820	1189.3360	1141.9420	1169.336	0.0599999999999	horizontal	29	400
VSS	PATH_11_669	{20.0000 1138.5380} {1189.3360 1138.5980}	20.0000	1138.5380	1189.3360	1138.5980	1169.336	0.0599999999999	horizontal	29	396
VSS	PATH_11_667	{20.0000 1135.1940} {1189.3360 1135.2540}	20.0000	1135.1940	1189.3360	1135.2540	1169.336	0.0599999999999	horizontal	29	381
VSS	PATH_11_665	{20.0000 1131.8500} {1189.3360 1131.9100}	20.0000	1131.8500	1189.3360	1131.9100	1169.336	0.0600000000002	horizontal	29	378
VSS	PATH_11_663	{20.0000 1128.5060} {1189.3360 1128.5660}	20.0000	1128.5060	1189.3360	1128.5660	1169.336	0.0599999999999	horizontal	29	391
VSS	PATH_11_661	{20.0000 1125.1620} {1189.3360 1125.2220}	20.0000	1125.1620	1189.3360	1125.2220	1169.336	0.0599999999999	horizontal	29	367
VSS	PATH_11_659	{20.0000 1121.8180} {1189.3360 1121.8780}	20.0000	1121.8180	1189.3360	1121.8780	1169.336	0.0599999999999	horizontal	29	399
VSS	PATH_11_657	{20.0000 1118.4740} {1189.3360 1118.5340}	20.0000	1118.4740	1189.3360	1118.5340	1169.336	0.0600000000002	horizontal	29	394
VSS	PATH_11_655	{20.0000 1115.1300} {1189.3360 1115.1900}	20.0000	1115.1300	1189.3360	1115.1900	1169.336	0.0599999999999	horizontal	29	428
VSS	PATH_11_653	{20.0000 1111.7860} {1189.3360 1111.8460}	20.0000	1111.7860	1189.3360	1111.8460	1169.336	0.0599999999999	horizontal	29	448
VSS	PATH_11_651	{20.0000 1108.4420} {1189.3360 1108.5020}	20.0000	1108.4420	1189.3360	1108.5020	1169.336	0.0599999999999	horizontal	203	464
VSS	PATH_11_649	{20.0000 1105.0980} {1189.3360 1105.1580}	20.0000	1105.0980	1189.3360	1105.1580	1169.336	0.0599999999999	horizontal	29	468
VSS	PATH_11_647	{20.0000 1101.7540} {1189.3360 1101.8140}	20.0000	1101.7540	1189.3360	1101.8140	1169.336	0.0600000000002	horizontal	29	446
VSS	PATH_11_645	{20.0000 1098.4100} {1189.3360 1098.4700}	20.0000	1098.4100	1189.3360	1098.4700	1169.336	0.0599999999999	horizontal	29	456
VSS	PATH_11_643	{20.0000 1095.0660} {1189.3360 1095.1260}	20.0000	1095.0660	1189.3360	1095.1260	1169.336	0.0599999999999	horizontal	29	446
VSS	PATH_11_641	{20.0000 1091.7220} {1189.3360 1091.7820}	20.0000	1091.7220	1189.3360	1091.7820	1169.336	0.0599999999999	horizontal	29	453
VSS	PATH_11_639	{20.0000 1088.3780} {1189.3360 1088.4380}	20.0000	1088.3780	1189.3360	1088.4380	1169.336	0.0600000000002	horizontal	29	425
VSS	PATH_11_637	{20.0000 1085.0340} {1189.3360 1085.0940}	20.0000	1085.0340	1189.3360	1085.0940	1169.336	0.0599999999999	horizontal	29	444
VSS	PATH_11_635	{20.0000 1081.6900} {1189.3360 1081.7500}	20.0000	1081.6900	1189.3360	1081.7500	1169.336	0.0599999999999	horizontal	29	422
VSS	PATH_11_633	{20.0000 1078.3460} {1189.3360 1078.4060}	20.0000	1078.3460	1189.3360	1078.4060	1169.336	0.0599999999999	horizontal	29	442
VSS	PATH_11_631	{20.0000 1075.0020} {1189.3360 1075.0620}	20.0000	1075.0020	1189.3360	1075.0620	1169.336	0.0599999999999	horizontal	29	433
VSS	PATH_11_629	{20.0000 1071.6580} {1189.3360 1071.7180}	20.0000	1071.6580	1189.3360	1071.7180	1169.336	0.0600000000002	horizontal	29	449
VSS	PATH_11_627	{20.0000 1068.3140} {1189.3360 1068.3740}	20.0000	1068.3140	1189.3360	1068.3740	1169.336	0.0599999999999	horizontal	174	465
VSS	PATH_11_625	{20.0000 1064.9700} {1189.3360 1065.0300}	20.0000	1064.9700	1189.3360	1065.0300	1169.336	0.0599999999999	horizontal	29	450
VSS	PATH_11_623	{20.0000 1061.6260} {1189.3360 1061.6860}	20.0000	1061.6260	1189.3360	1061.6860	1169.336	0.0599999999999	horizontal	29	460
VSS	PATH_11_621	{20.0000 1058.2820} {1189.3360 1058.3420}	20.0000	1058.2820	1189.3360	1058.3420	1169.336	0.0600000000002	horizontal	29	471
VSS	PATH_11_619	{20.0000 1054.9380} {1189.3360 1054.9980}	20.0000	1054.9380	1189.3360	1054.9980	1169.336	0.0599999999999	horizontal	29	509
VSS	PATH_11_617	{20.0000 1051.5940} {1189.3360 1051.6540}	20.0000	1051.5940	1189.3360	1051.6540	1169.336	0.0599999999999	horizontal	29	495
VSS	PATH_11_615	{20.0000 1048.2500} {1189.3360 1048.3100}	20.0000	1048.2500	1189.3360	1048.3100	1169.336	0.0599999999999	horizontal	29	518
VSS	PATH_11_613	{20.0000 1044.9060} {1189.3360 1044.9660}	20.0000	1044.9060	1189.3360	1044.9660	1169.336	0.0599999999999	horizontal	29	499
VSS	PATH_11_611	{20.0000 1041.5620} {1189.3360 1041.6220}	20.0000	1041.5620	1189.3360	1041.6220	1169.336	0.0600000000002	horizontal	29	501
VSS	PATH_11_609	{20.0000 1038.2180} {1189.3360 1038.2780}	20.0000	1038.2180	1189.3360	1038.2780	1169.336	0.0599999999999	horizontal	29	497
VSS	PATH_11_607	{20.0000 1034.8740} {1189.3360 1034.9340}	20.0000	1034.8740	1189.3360	1034.9340	1169.336	0.0599999999999	horizontal	29	489
VSS	PATH_11_605	{20.0000 1031.5300} {1189.3360 1031.5900}	20.0000	1031.5300	1189.3360	1031.5900	1169.336	0.0599999999999	horizontal	29	539
VSS	PATH_11_603	{20.0000 1028.1860} {1189.3360 1028.2460}	20.0000	1028.1860	1189.3360	1028.2460	1169.336	0.0600000000002	horizontal	174	556
VSS	PATH_11_601	{20.0000 1024.8420} {1189.3360 1024.9020}	20.0000	1024.8420	1189.3360	1024.9020	1169.336	0.0599999999999	horizontal	29	566
VSS	PATH_11_599	{20.0000 1021.4980} {1189.3360 1021.5580}	20.0000	1021.4980	1189.3360	1021.5580	1169.336	0.0599999999999	horizontal	29	555
VSS	PATH_11_597	{20.0000 1018.1540} {1189.3360 1018.2140}	20.0000	1018.1540	1189.3360	1018.2140	1169.336	0.0600000000001	horizontal	29	529
VSS	PATH_11_595	{20.0000 1014.8100} {1189.3360 1014.8700}	20.0000	1014.8100	1189.3360	1014.8700	1169.336	0.0600000000001	horizontal	29	540
VSS	PATH_11_593	{20.0000 1011.4660} {1189.3360 1011.5260}	20.0000	1011.4660	1189.3360	1011.5260	1169.336	0.0599999999999	horizontal	29	547
VSS	PATH_11_591	{20.0000 1008.1220} {1189.3360 1008.1820}	20.0000	1008.1220	1189.3360	1008.1820	1169.336	0.0600000000001	horizontal	29	539
VSS	PATH_11_589	{20.0000 1004.7780} {1189.3360 1004.8380}	20.0000	1004.7780	1189.3360	1004.8380	1169.336	0.0599999999999	horizontal	29	555
VSS	PATH_11_587	{20.0000 1001.4340} {1189.3360 1001.4940}	20.0000	1001.4340	1189.3360	1001.4940	1169.336	0.0600000000001	horizontal	29	574
VSS	PATH_11_585	{20.0000 998.0900} {1189.3360 998.1500}	20.0000	998.0900	1189.3360	998.1500	1169.336	0.0599999999999	horizontal	29	575
VSS	PATH_11_583	{20.0000 994.7460} {1189.3360 994.8060}	20.0000	994.7460	1189.3360	994.8060	1169.336	0.0600000000001	horizontal	29	578
VSS	PATH_11_581	{20.0000 991.4020} {1189.3360 991.4620}	20.0000	991.4020	1189.3360	991.4620	1169.336	0.0599999999999	horizontal	29	577
VSS	PATH_11_579	{20.0000 988.0580} {1189.3360 988.1180}	20.0000	988.0580	1189.3360	988.1180	1169.336	0.0600000000001	horizontal	174	604
VSS	PATH_11_577	{20.0000 984.7140} {1189.3360 984.7740}	20.0000	984.7140	1189.3360	984.7740	1169.336	0.0599999999999	horizontal	29	618
VSS	PATH_11_575	{20.0000 981.3700} {1189.3360 981.4300}	20.0000	981.3700	1189.3360	981.4300	1169.336	0.0599999999999	horizontal	29	614
VSS	PATH_11_573	{20.0000 978.0260} {1189.3360 978.0860}	20.0000	978.0260	1189.3360	978.0860	1169.336	0.0600000000001	horizontal	29	605
VSS	PATH_11_571	{20.0000 974.6820} {1189.3360 974.7420}	20.0000	974.6820	1189.3360	974.7420	1169.336	0.0599999999999	horizontal	29	589
VSS	PATH_11_569	{20.0000 971.3380} {1189.3360 971.3980}	20.0000	971.3380	1189.3360	971.3980	1169.336	0.0600000000001	horizontal	29	603
VSS	PATH_11_567	{20.0000 967.9940} {1189.3360 968.0540}	20.0000	967.9940	1189.3360	968.0540	1169.336	0.0599999999999	horizontal	29	593
VSS	PATH_11_565	{20.0000 964.6500} {1189.3360 964.7100}	20.0000	964.6500	1189.3360	964.7100	1169.336	0.0600000000001	horizontal	29	620
VSS	PATH_11_563	{20.0000 961.3060} {1189.3360 961.3660}	20.0000	961.3060	1189.3360	961.3660	1169.336	0.0599999999999	horizontal	29	615
VSS	PATH_11_561	{20.0000 957.9620} {1189.3360 958.0220}	20.0000	957.9620	1189.3360	958.0220	1169.336	0.0600000000001	horizontal	29	623
VSS	PATH_11_559	{20.0000 954.6180} {1189.3360 954.6780}	20.0000	954.6180	1189.3360	954.6780	1169.336	0.0599999999999	horizontal	29	593
VSS	PATH_11_557	{20.0000 951.2740} {1189.3360 951.3340}	20.0000	951.2740	1189.3360	951.3340	1169.336	0.0599999999999	horizontal	29	600
VSS	PATH_11_555	{20.0000 947.9300} {1189.3360 947.9900}	20.0000	947.9300	1189.3360	947.9900	1169.336	0.0600000000001	horizontal	174	613
VSS	PATH_11_553	{20.0000 944.5860} {1189.3360 944.6460}	20.0000	944.5860	1189.3360	944.6460	1169.336	0.0599999999999	horizontal	29	610
VSS	PATH_11_551	{20.0000 941.2420} {1189.3360 941.3020}	20.0000	941.2420	1189.3360	941.3020	1169.336	0.0600000000001	horizontal	29	594
VSS	PATH_11_549	{20.0000 937.8980} {1189.3360 937.9580}	20.0000	937.8980	1189.3360	937.9580	1169.336	0.0599999999999	horizontal	29	616
VSS	PATH_11_547	{20.0000 934.5540} {1189.3360 934.6140}	20.0000	934.5540	1189.3360	934.6140	1169.336	0.0600000000001	horizontal	29	608
VSS	PATH_11_545	{20.0000 931.2100} {1189.3360 931.2700}	20.0000	931.2100	1189.3360	931.2700	1169.336	0.0599999999999	horizontal	29	616
VSS	PATH_11_543	{20.0000 927.8660} {1189.3360 927.9260}	20.0000	927.8660	1189.3360	927.9260	1169.336	0.0600000000001	horizontal	29	615
VSS	PATH_11_541	{20.0000 924.5220} {1189.3360 924.5820}	20.0000	924.5220	1189.3360	924.5820	1169.336	0.0599999999999	horizontal	29	624
VSS	PATH_11_539	{20.0000 921.1780} {1189.3360 921.2380}	20.0000	921.1780	1189.3360	921.2380	1169.336	0.0600000000001	horizontal	29	599
VSS	PATH_11_537	{20.0000 917.8340} {1189.3360 917.8940}	20.0000	917.8340	1189.3360	917.8940	1169.336	0.0600000000001	horizontal	29	593
VSS	PATH_11_535	{20.0000 914.4900} {1189.3360 914.5500}	20.0000	914.4900	1189.3360	914.5500	1169.336	0.0599999999999	horizontal	29	591
VSS	PATH_11_533	{20.0000 911.1460} {1189.3360 911.2060}	20.0000	911.1460	1189.3360	911.2060	1169.336	0.0600000000001	horizontal	29	575
VSS	PATH_11_531	{20.0000 907.8020} {1189.3360 907.8620}	20.0000	907.8020	1189.3360	907.8620	1169.336	0.0599999999999	horizontal	174	570
VSS	PATH_11_529	{20.0000 904.4580} {1189.3360 904.5180}	20.0000	904.4580	1189.3360	904.5180	1169.336	0.0600000000001	horizontal	29	583
VSS	PATH_11_527	{20.0000 901.1140} {1189.3360 901.1740}	20.0000	901.1140	1189.3360	901.1740	1169.336	0.0599999999999	horizontal	29	605
VSS	PATH_11_525	{20.0000 897.7700} {1189.3360 897.8300}	20.0000	897.7700	1189.3360	897.8300	1169.336	0.0600000000001	horizontal	29	588
VSS	PATH_11_523	{20.0000 894.4260} {1189.3360 894.4860}	20.0000	894.4260	1189.3360	894.4860	1169.336	0.0599999999999	horizontal	29	572
VSS	PATH_11_521	{20.0000 891.0820} {1189.3360 891.1420}	20.0000	891.0820	1189.3360	891.1420	1169.336	0.0600000000001	horizontal	29	580
VSS	PATH_11_519	{20.0000 887.7380} {1189.3360 887.7980}	20.0000	887.7380	1189.3360	887.7980	1169.336	0.0599999999999	horizontal	29	604
VSS	PATH_11_517	{20.0000 884.3940} {1189.3360 884.4540}	20.0000	884.3940	1189.3360	884.4540	1169.336	0.0599999999999	horizontal	29	620
VSS	PATH_11_515	{20.0000 881.0500} {1189.3360 881.1100}	20.0000	881.0500	1189.3360	881.1100	1169.336	0.0600000000001	horizontal	29	611
VSS	PATH_11_513	{20.0000 877.7060} {1189.3360 877.7660}	20.0000	877.7060	1189.3360	877.7660	1169.336	0.0599999999999	horizontal	29	629
VSS	PATH_11_511	{20.0000 874.3620} {1189.3360 874.4220}	20.0000	874.3620	1189.3360	874.4220	1169.336	0.0600000000001	horizontal	29	620
VSS	PATH_11_509	{20.0000 871.0180} {1189.3360 871.0780}	20.0000	871.0180	1189.3360	871.0780	1169.336	0.0599999999999	horizontal	29	636
VSS	PATH_11_507	{20.0000 867.6740} {1189.3360 867.7340}	20.0000	867.6740	1189.3360	867.7340	1169.336	0.0600000000001	horizontal	174	593
VSS	PATH_11_505	{20.0000 864.3300} {1189.3360 864.3900}	20.0000	864.3300	1189.3360	864.3900	1169.336	0.0599999999999	horizontal	29	624
VSS	PATH_11_503	{20.0000 860.9860} {1189.3360 861.0460}	20.0000	860.9860	1189.3360	861.0460	1169.336	0.0600000000001	horizontal	29	625
VSS	PATH_11_501	{20.0000 857.6420} {1189.3360 857.7020}	20.0000	857.6420	1189.3360	857.7020	1169.336	0.0599999999999	horizontal	29	589
VSS	PATH_11_499	{20.0000 854.2980} {1189.3360 854.3580}	20.0000	854.2980	1189.3360	854.3580	1169.336	0.0599999999999	horizontal	29	613
VSS	PATH_11_497	{20.0000 850.9540} {1189.3360 851.0140}	20.0000	850.9540	1189.3360	851.0140	1169.336	0.0600000000001	horizontal	29	644
VSS	PATH_11_495	{20.0000 847.6100} {1189.3360 847.6700}	20.0000	847.6100	1189.3360	847.6700	1169.336	0.0599999999999	horizontal	29	636
VSS	PATH_11_493	{20.0000 844.2660} {1189.3360 844.3260}	20.0000	844.2660	1189.3360	844.3260	1169.336	0.0600000000001	horizontal	29	634
VSS	PATH_11_491	{20.0000 840.9220} {1189.3360 840.9820}	20.0000	840.9220	1189.3360	840.9820	1169.336	0.0599999999999	horizontal	29	634
VSS	PATH_11_489	{20.0000 837.5780} {1189.3360 837.6380}	20.0000	837.5780	1189.3360	837.6380	1169.336	0.0600000000001	horizontal	29	653
VSS	PATH_11_487	{20.0000 834.2340} {1189.3360 834.2940}	20.0000	834.2340	1189.3360	834.2940	1169.336	0.0599999999999	horizontal	29	639
VSS	PATH_11_485	{20.0000 830.8900} {1189.3360 830.9500}	20.0000	830.8900	1189.3360	830.9500	1169.336	0.0600000000001	horizontal	29	617
VSS	PATH_11_483	{20.0000 827.5460} {1189.3360 827.6060}	20.0000	827.5460	1189.3360	827.6060	1169.336	0.0599999999999	horizontal	174	601
VSS	PATH_11_481	{20.0000 824.2020} {1189.3360 824.2620}	20.0000	824.2020	1189.3360	824.2620	1169.336	0.0599999999999	horizontal	29	611
VSS	PATH_11_479	{20.0000 820.8580} {1189.3360 820.9180}	20.0000	820.8580	1189.3360	820.9180	1169.336	0.0600000000001	horizontal	29	611
VSS	PATH_11_477	{20.0000 817.5140} {1189.3360 817.5740}	20.0000	817.5140	1189.3360	817.5740	1169.336	0.0599999999999	horizontal	29	575
VSS	PATH_11_475	{20.0000 814.1700} {1189.3360 814.2300}	20.0000	814.1700	1189.3360	814.2300	1169.336	0.0600000000001	horizontal	29	595
VSS	PATH_11_473	{20.0000 810.8260} {1189.3360 810.8860}	20.0000	810.8260	1189.3360	810.8860	1169.336	0.0599999999999	horizontal	29	619
VSS	PATH_11_471	{20.0000 807.4820} {1189.3360 807.5420}	20.0000	807.4820	1189.3360	807.5420	1169.336	0.0600000000001	horizontal	29	573
VSS	PATH_11_469	{20.0000 804.1380} {1189.3360 804.1980}	20.0000	804.1380	1189.3360	804.1980	1169.336	0.0599999999999	horizontal	29	576
VSS	PATH_11_467	{20.0000 800.7940} {1189.3360 800.8540}	20.0000	800.7940	1189.3360	800.8540	1169.336	0.0600000000001	horizontal	29	600
VSS	PATH_11_465	{20.0000 797.4500} {1189.3360 797.5100}	20.0000	797.4500	1189.3360	797.5100	1169.336	0.0599999999999	horizontal	29	616
VSS	PATH_11_463	{20.0000 794.1060} {1189.3360 794.1660}	20.0000	794.1060	1189.3360	794.1660	1169.336	0.0600000000001	horizontal	29	644
VSS	PATH_11_461	{20.0000 790.7620} {1189.3360 790.8220}	20.0000	790.7620	1189.3360	790.8220	1169.336	0.0600000000001	horizontal	29	637
VSS	PATH_11_459	{20.0000 787.4180} {1189.3360 787.4780}	20.0000	787.4180	1189.3360	787.4780	1169.336	0.0599999999999	horizontal	29	664
VSS	PATH_11_457	{20.0000 784.0740} {1189.3360 784.1340}	20.0000	784.0740	1189.3360	784.1340	1169.336	0.0600000000001	horizontal	29	666
VSS	PATH_11_455	{20.0000 780.7300} {1189.3360 780.7900}	20.0000	780.7300	1189.3360	780.7900	1169.336	0.0599999999999	horizontal	29	627
VSS	PATH_11_453	{20.0000 777.3860} {1189.3360 777.4460}	20.0000	777.3860	1189.3360	777.4460	1169.336	0.0600000000001	horizontal	29	641
VSS	PATH_11_451	{20.0000 774.0420} {1189.3360 774.1020}	20.0000	774.0420	1189.3360	774.1020	1169.336	0.0599999999999	horizontal	29	638
VSS	PATH_11_449	{20.0000 770.6980} {1189.3360 770.7580}	20.0000	770.6980	1189.3360	770.7580	1169.336	0.0600000000001	horizontal	29	621
VSS	PATH_11_447	{20.0000 767.3540} {1189.3360 767.4140}	20.0000	767.3540	1189.3360	767.4140	1169.336	0.0599999999999	horizontal	29	574
VSS	PATH_11_445	{20.0000 764.0100} {1189.3360 764.0700}	20.0000	764.0100	1189.3360	764.0700	1169.336	0.0600000000001	horizontal	29	558
VSS	PATH_11_443	{20.0000 760.6660} {1189.3360 760.7260}	20.0000	760.6660	1189.3360	760.7260	1169.336	0.0599999999999	horizontal	29	611
VSS	PATH_11_441	{20.0000 757.3220} {1189.3360 757.3820}	20.0000	757.3220	1189.3360	757.3820	1169.336	0.0599999999999	horizontal	29	620
VSS	PATH_11_439	{20.0000 753.9780} {1189.3360 754.0380}	20.0000	753.9780	1189.3360	754.0380	1169.336	0.0600000000001	horizontal	29	615
VSS	PATH_11_437	{20.0000 750.6340} {1189.3360 750.6940}	20.0000	750.6340	1189.3360	750.6940	1169.336	0.0599999999999	horizontal	29	604
VSS	PATH_11_435	{20.0000 747.2900} {1189.3360 747.3500}	20.0000	747.2900	1189.3360	747.3500	1169.336	0.0600000000001	horizontal	29	583
VSS	PATH_11_433	{20.0000 743.9460} {1189.3360 744.0060}	20.0000	743.9460	1189.3360	744.0060	1169.336	0.0599999999999	horizontal	29	589
VSS	PATH_11_431	{20.0000 740.6020} {1189.3360 740.6620}	20.0000	740.6020	1189.3360	740.6620	1169.336	0.0600000000001	horizontal	29	596
VSS	PATH_11_429	{20.0000 737.2580} {1189.3360 737.3180}	20.0000	737.2580	1189.3360	737.3180	1169.336	0.0599999999999	horizontal	29	613
VSS	PATH_11_427	{20.0000 733.9140} {1189.3360 733.9740}	20.0000	733.9140	1189.3360	733.9740	1169.336	0.0600000000001	horizontal	29	618
VSS	PATH_11_425	{20.0000 730.5700} {1189.3360 730.6300}	20.0000	730.5700	1189.3360	730.6300	1169.336	0.0599999999999	horizontal	29	648
VSS	PATH_11_423	{20.0000 727.2260} {1189.3360 727.2860}	20.0000	727.2260	1189.3360	727.2860	1169.336	0.0599999999999	horizontal	29	672
VSS	PATH_11_421	{20.0000 723.8820} {1189.3360 723.9420}	20.0000	723.8820	1189.3360	723.9420	1169.336	0.0600000000001	horizontal	29	643
VSS	PATH_11_419	{20.0000 720.5380} {1189.3360 720.5980}	20.0000	720.5380	1189.3360	720.5980	1169.336	0.0599999999999	horizontal	29	672
VSS	PATH_11_417	{20.0000 717.1940} {1189.3360 717.2540}	20.0000	717.1940	1189.3360	717.2540	1169.336	0.0600000000001	horizontal	29	651
VSS	PATH_11_415	{20.0000 713.8500} {1189.3360 713.9100}	20.0000	713.8500	1189.3360	713.9100	1169.336	0.0599999999999	horizontal	29	701
VSS	PATH_11_413	{20.0000 710.5060} {1189.3360 710.5660}	20.0000	710.5060	1189.3360	710.5660	1169.336	0.0600000000001	horizontal	29	692
VSS	PATH_11_411	{20.0000 707.1620} {1189.3360 707.2220}	20.0000	707.1620	1189.3360	707.2220	1169.336	0.0599999999999	horizontal	29	716
VSS	PATH_11_409	{20.0000 703.8180} {1189.3360 703.8780}	20.0000	703.8180	1189.3360	703.8780	1169.336	0.0600000000001	horizontal	29	696
VSS	PATH_11_407	{20.0000 700.4740} {1189.3360 700.5340}	20.0000	700.4740	1189.3360	700.5340	1169.336	0.0599999999999	horizontal	29	693
VSS	PATH_11_405	{20.0000 697.1300} {1189.3360 697.1900}	20.0000	697.1300	1189.3360	697.1900	1169.336	0.0600000000001	horizontal	29	668
VSS	PATH_11_403	{20.0000 693.7860} {1189.3360 693.8460}	20.0000	693.7860	1189.3360	693.8460	1169.336	0.0600000000001	horizontal	29	644
VSS	PATH_11_401	{20.0000 690.4420} {1189.3360 690.5020}	20.0000	690.4420	1189.3360	690.5020	1169.336	0.0599999999999	horizontal	29	662
VSS	PATH_11_399	{20.0000 687.0980} {1189.3360 687.1580}	20.0000	687.0980	1189.3360	687.1580	1169.336	0.0600000000001	horizontal	29	700
VSS	PATH_11_397	{20.0000 683.7540} {1189.3360 683.8140}	20.0000	683.7540	1189.3360	683.8140	1169.336	0.0599999999999	horizontal	29	660
VSS	PATH_11_395	{20.0000 680.4100} {1189.3360 680.4700}	20.0000	680.4100	1189.3360	680.4700	1169.336	0.0600000000001	horizontal	29	668
VSS	PATH_11_393	{20.0000 677.0660} {1189.3360 677.1260}	20.0000	677.0660	1189.3360	677.1260	1169.336	0.0599999999999	horizontal	29	655
VSS	PATH_11_391	{20.0000 673.7220} {1189.3360 673.7820}	20.0000	673.7220	1189.3360	673.7820	1169.336	0.0600000000001	horizontal	29	640
VSS	PATH_11_389	{20.0000 670.3780} {1189.3360 670.4380}	20.0000	670.3780	1189.3360	670.4380	1169.336	0.0599999999999	horizontal	29	596
VSS	PATH_11_387	{20.0000 667.0340} {1189.3360 667.0940}	20.0000	667.0340	1189.3360	667.0940	1169.336	0.0600000000001	horizontal	29	606
VSS	PATH_11_385	{20.0000 663.6900} {1189.3360 663.7500}	20.0000	663.6900	1189.3360	663.7500	1169.336	0.0599999999999	horizontal	29	593
VSS	PATH_11_383	{20.0000 660.3460} {1189.3360 660.4060}	20.0000	660.3460	1189.3360	660.4060	1169.336	0.0599999999999	horizontal	29	601
VSS	PATH_11_381	{20.0000 657.0020} {1189.3360 657.0620}	20.0000	657.0020	1189.3360	657.0620	1169.336	0.0600000000001	horizontal	29	592
VSS	PATH_11_379	{20.0000 653.6580} {1189.3360 653.7180}	20.0000	653.6580	1189.3360	653.7180	1169.336	0.0599999999999	horizontal	29	589
VSS	PATH_11_377	{20.0000 650.3140} {1189.3360 650.3740}	20.0000	650.3140	1189.3360	650.3740	1169.336	0.0600000000001	horizontal	29	526
VSS	PATH_11_375	{20.0000 646.9700} {1189.3360 647.0300}	20.0000	646.9700	1189.3360	647.0300	1169.336	0.0599999999999	horizontal	29	574
VSS	PATH_11_373	{20.0000 643.6260} {1189.3360 643.6860}	20.0000	643.6260	1189.3360	643.6860	1169.336	0.0600000000001	horizontal	29	521
VSS	PATH_11_371	{20.0000 640.2820} {1189.3360 640.3420}	20.0000	640.2820	1189.3360	640.3420	1169.336	0.0599999999999	horizontal	29	561
VSS	PATH_11_369	{20.0000 636.9380} {1189.3360 636.9980}	20.0000	636.9380	1189.3360	636.9980	1169.336	0.0600000000001	horizontal	29	557
VSS	PATH_11_367	{20.0000 633.5940} {1189.3360 633.6540}	20.0000	633.5940	1189.3360	633.6540	1169.336	0.0599999999999	horizontal	29	480
VSS	PATH_11_365	{20.0000 630.2500} {1189.3360 630.3100}	20.0000	630.2500	1189.3360	630.3100	1169.336	0.0599999999999	horizontal	29	551
VSS	PATH_11_363	{20.0000 626.9060} {1189.3360 626.9660}	20.0000	626.9060	1189.3360	626.9660	1169.336	0.0600000000001	horizontal	29	539
VSS	PATH_11_361	{20.0000 623.5620} {1189.3360 623.6220}	20.0000	623.5620	1189.3360	623.6220	1169.336	0.0599999999999	horizontal	29	560
VSS	PATH_11_359	{20.0000 620.2180} {1189.3360 620.2780}	20.0000	620.2180	1189.3360	620.2780	1169.336	0.0600000000001	horizontal	29	523
VSS	PATH_11_357	{20.0000 616.8740} {1189.3360 616.9340}	20.0000	616.8740	1189.3360	616.9340	1169.336	0.0599999999999	horizontal	29	543
VSS	PATH_11_355	{20.0000 613.5300} {1189.3360 613.5900}	20.0000	613.5300	1189.3360	613.5900	1169.336	0.0600000000001	horizontal	29	521
VSS	PATH_11_353	{20.0000 610.1860} {1189.3360 610.2460}	20.0000	610.1860	1189.3360	610.2460	1169.336	0.0599999999999	horizontal	29	587
VSS	PATH_11_351	{20.0000 606.8420} {1189.3360 606.9020}	20.0000	606.8420	1189.3360	606.9020	1169.336	0.0600000000001	horizontal	29	541
VSS	PATH_11_349	{20.0000 603.4980} {1189.3360 603.5580}	20.0000	603.4980	1189.3360	603.5580	1169.336	0.0599999999999	horizontal	29	549
VSS	PATH_11_347	{20.0000 600.1540} {1189.3360 600.2140}	20.0000	600.1540	1189.3360	600.2140	1169.336	0.0600000000001	horizontal	29	578
VSS	PATH_11_345	{20.0000 596.8100} {1189.3360 596.8700}	20.0000	596.8100	1189.3360	596.8700	1169.336	0.0600000000001	horizontal	29	549
VSS	PATH_11_343	{20.0000 593.4660} {1189.3360 593.5260}	20.0000	593.4660	1189.3360	593.5260	1169.336	0.0599999999999	horizontal	29	562
VSS	PATH_11_341	{20.0000 590.1220} {1189.3360 590.1820}	20.0000	590.1220	1189.3360	590.1820	1169.336	0.0600000000001	horizontal	29	528
VSS	PATH_11_339	{20.0000 586.7780} {1189.3360 586.8380}	20.0000	586.7780	1189.3360	586.8380	1169.336	0.0599999999999	horizontal	29	546
VSS	PATH_11_337	{20.0000 583.4340} {1189.3360 583.4940}	20.0000	583.4340	1189.3360	583.4940	1169.336	0.0600000000001	horizontal	29	528
VSS	PATH_11_335	{20.0000 580.0900} {1189.3360 580.1500}	20.0000	580.0900	1189.3360	580.1500	1169.336	0.0599999999999	horizontal	29	580
VSS	PATH_11_333	{20.0000 576.7460} {1189.3360 576.8060}	20.0000	576.7460	1189.3360	576.8060	1169.336	0.0600000000001	horizontal	29	541
VSS	PATH_11_331	{20.0000 573.4020} {1189.3360 573.4620}	20.0000	573.4020	1189.3360	573.4620	1169.336	0.0599999999999	horizontal	29	581
VSS	PATH_11_329	{20.0000 570.0580} {1189.3360 570.1180}	20.0000	570.0580	1189.3360	570.1180	1169.336	0.0600000000001	horizontal	29	555
VSS	PATH_11_327	{20.0000 566.7140} {1189.3360 566.7740}	20.0000	566.7140	1189.3360	566.7740	1169.336	0.0599999999999	horizontal	29	549
VSS	PATH_11_325	{20.0000 563.3700} {1189.3360 563.4300}	20.0000	563.3700	1189.3360	563.4300	1169.336	0.0599999999999	horizontal	29	554
VSS	PATH_11_323	{20.0000 560.0260} {1189.3360 560.0860}	20.0000	560.0260	1189.3360	560.0860	1169.336	0.0600000000001	horizontal	29	565
VSS	PATH_11_321	{20.0000 556.6820} {1189.3360 556.7420}	20.0000	556.6820	1189.3360	556.7420	1169.336	0.0599999999999	horizontal	29	563
VSS	PATH_11_319	{20.0000 553.3380} {1189.3360 553.3980}	20.0000	553.3380	1189.3360	553.3980	1169.336	0.0600000000001	horizontal	29	610
VSS	PATH_11_317	{20.0000 549.9940} {1189.3360 550.0540}	20.0000	549.9940	1189.3360	550.0540	1169.336	0.0599999999999	horizontal	29	607
VSS	PATH_11_315	{20.0000 546.6500} {1189.3360 546.7100}	20.0000	546.6500	1189.3360	546.7100	1169.336	0.0600000000001	horizontal	29	614
VSS	PATH_11_313	{20.0000 543.3060} {1189.3360 543.3660}	20.0000	543.3060	1189.3360	543.3660	1169.336	0.0599999999999	horizontal	29	573
VSS	PATH_11_311	{20.0000 539.9620} {1189.3360 540.0220}	20.0000	539.9620	1189.3360	540.0220	1169.336	0.0600000000001	horizontal	29	549
VSS	PATH_11_309	{20.0000 536.6180} {1189.3360 536.6780}	20.0000	536.6180	1189.3360	536.6780	1169.336	0.0599999999999	horizontal	29	537
VSS	PATH_11_307	{20.0000 533.2740} {1189.3360 533.3340}	20.0000	533.2740	1189.3360	533.3340	1169.336	0.0599999999999	horizontal	29	593
VSS	PATH_11_305	{20.0000 529.9300} {1189.3360 529.9900}	20.0000	529.9300	1189.3360	529.9900	1169.336	0.0600000000001	horizontal	29	570
VSS	PATH_11_303	{20.0000 526.5860} {1189.3360 526.6460}	20.0000	526.5860	1189.3360	526.6460	1169.336	0.0599999999999	horizontal	29	540
VSS	PATH_11_301	{20.0000 523.2420} {1189.3360 523.3020}	20.0000	523.2420	1189.3360	523.3020	1169.336	0.0600000000001	horizontal	29	608
VSS	PATH_11_299	{20.0000 519.8980} {1189.3360 519.9580}	20.0000	519.8980	1189.3360	519.9580	1169.336	0.0599999999999	horizontal	29	546
VSS	PATH_11_297	{20.0000 516.5540} {1189.3360 516.6140}	20.0000	516.5540	1189.3360	516.6140	1169.336	0.0600000000001	horizontal	29	587
VSS	PATH_11_295	{20.0000 513.2100} {1189.3360 513.2700}	20.0000	513.2100	1189.3360	513.2700	1169.336	0.0599999999999	horizontal	29	570
VSS	PATH_11_293	{20.0000 509.8660} {1189.3360 509.9260}	20.0000	509.8660	1189.3360	509.9260	1169.336	0.06	horizontal	29	577
VSS	PATH_11_291	{20.0000 506.5220} {1189.3360 506.5820}	20.0000	506.5220	1189.3360	506.5820	1169.336	0.06	horizontal	29	577
VSS	PATH_11_289	{20.0000 503.1780} {1189.3360 503.2380}	20.0000	503.1780	1189.3360	503.2380	1169.336	0.06	horizontal	29	620
VSS	PATH_11_287	{20.0000 499.8340} {1189.3360 499.8940}	20.0000	499.8340	1189.3360	499.8940	1169.336	0.06	horizontal	29	642
VSS	PATH_11_285	{20.0000 496.4900} {1189.3360 496.5500}	20.0000	496.4900	1189.3360	496.5500	1169.336	0.06	horizontal	29	588
VSS	PATH_11_283	{20.0000 493.1460} {1189.3360 493.2060}	20.0000	493.1460	1189.3360	493.2060	1169.336	0.06	horizontal	29	597
VSS	PATH_11_281	{20.0000 489.8020} {1189.3360 489.8620}	20.0000	489.8020	1189.3360	489.8620	1169.336	0.06	horizontal	29	624
VSS	PATH_11_279	{20.0000 486.4580} {1189.3360 486.5180}	20.0000	486.4580	1189.3360	486.5180	1169.336	0.0599999999999	horizontal	29	653
VSS	PATH_11_277	{20.0000 483.1140} {1189.3360 483.1740}	20.0000	483.1140	1189.3360	483.1740	1169.336	0.06	horizontal	29	657
VSS	PATH_11_275	{20.0000 479.7700} {1189.3360 479.8300}	20.0000	479.7700	1189.3360	479.8300	1169.336	0.06	horizontal	29	636
VSS	PATH_11_273	{20.0000 476.4260} {1189.3360 476.4860}	20.0000	476.4260	1189.3360	476.4860	1169.336	0.06	horizontal	29	637
VSS	PATH_11_271	{20.0000 473.0820} {1189.3360 473.1420}	20.0000	473.0820	1189.3360	473.1420	1169.336	0.06	horizontal	29	642
VSS	PATH_11_269	{20.0000 469.7380} {1189.3360 469.7980}	20.0000	469.7380	1189.3360	469.7980	1169.336	0.06	horizontal	29	635
VSS	PATH_11_267	{20.0000 466.3940} {1189.3360 466.4540}	20.0000	466.3940	1189.3360	466.4540	1169.336	0.06	horizontal	29	627
VSS	PATH_11_265	{20.0000 463.0500} {1189.3360 463.1100}	20.0000	463.0500	1189.3360	463.1100	1169.336	0.06	horizontal	29	654
VSS	PATH_11_263	{20.0000 459.7060} {1189.3360 459.7660}	20.0000	459.7060	1189.3360	459.7660	1169.336	0.06	horizontal	29	645
VSS	PATH_11_261	{20.0000 456.3620} {1189.3360 456.4220}	20.0000	456.3620	1189.3360	456.4220	1169.336	0.06	horizontal	29	668
VSS	PATH_11_259	{20.0000 453.0180} {1189.3360 453.0780}	20.0000	453.0180	1189.3360	453.0780	1169.336	0.06	horizontal	29	644
VSS	PATH_11_257	{20.0000 449.6740} {1189.3360 449.7340}	20.0000	449.6740	1189.3360	449.7340	1169.336	0.06	horizontal	29	678
VSS	PATH_11_255	{20.0000 446.3300} {1189.3360 446.3900}	20.0000	446.3300	1189.3360	446.3900	1169.336	0.06	horizontal	29	606
VSS	PATH_11_253	{20.0000 442.9860} {1189.3360 443.0460}	20.0000	442.9860	1189.3360	443.0460	1169.336	0.06	horizontal	29	629
VSS	PATH_11_251	{20.0000 439.6420} {1189.3360 439.7020}	20.0000	439.6420	1189.3360	439.7020	1169.336	0.06	horizontal	29	616
VSS	PATH_11_249	{20.0000 436.2980} {1189.3360 436.3580}	20.0000	436.2980	1189.3360	436.3580	1169.336	0.06	horizontal	29	644
VSS	PATH_11_247	{20.0000 432.9540} {1189.3360 433.0140}	20.0000	432.9540	1189.3360	433.0140	1169.336	0.06	horizontal	29	612
VSS	PATH_11_245	{20.0000 429.6100} {1189.3360 429.6700}	20.0000	429.6100	1189.3360	429.6700	1169.336	0.06	horizontal	29	668
VSS	PATH_11_243	{20.0000 426.2660} {1189.3360 426.3260}	20.0000	426.2660	1189.3360	426.3260	1169.336	0.06	horizontal	29	653
VSS	PATH_11_241	{20.0000 422.9220} {1189.3360 422.9820}	20.0000	422.9220	1189.3360	422.9820	1169.336	0.06	horizontal	29	646
VSS	PATH_11_239	{20.0000 419.5780} {1189.3360 419.6380}	20.0000	419.5780	1189.3360	419.6380	1169.336	0.06	horizontal	29	648
VSS	PATH_11_237	{20.0000 416.2340} {1189.3360 416.2940}	20.0000	416.2340	1189.3360	416.2940	1169.336	0.06	horizontal	29	649
VSS	PATH_11_235	{20.0000 412.8900} {1189.3360 412.9500}	20.0000	412.8900	1189.3360	412.9500	1169.336	0.06	horizontal	29	661
VSS	PATH_11_233	{20.0000 409.5460} {1189.3360 409.6060}	20.0000	409.5460	1189.3360	409.6060	1169.336	0.06	horizontal	29	650
VSS	PATH_11_231	{20.0000 406.2020} {1189.3360 406.2620}	20.0000	406.2020	1189.3360	406.2620	1169.336	0.06	horizontal	29	640
VSS	PATH_11_229	{20.0000 402.8580} {1189.3360 402.9180}	20.0000	402.8580	1189.3360	402.9180	1169.336	0.06	horizontal	29	686
VSS	PATH_11_227	{20.0000 399.5140} {1189.3360 399.5740}	20.0000	399.5140	1189.3360	399.5740	1169.336	0.06	horizontal	29	686
VSS	PATH_11_225	{20.0000 396.1700} {1189.3360 396.2300}	20.0000	396.1700	1189.3360	396.2300	1169.336	0.06	horizontal	29	643
VSS	PATH_11_223	{20.0000 392.8260} {1189.3360 392.8860}	20.0000	392.8260	1189.3360	392.8860	1169.336	0.06	horizontal	29	653
VSS	PATH_11_221	{20.0000 389.4820} {1189.3360 389.5420}	20.0000	389.4820	1189.3360	389.5420	1169.336	0.0599999999999	horizontal	29	698
VSS	PATH_11_219	{20.0000 386.1380} {1189.3360 386.1980}	20.0000	386.1380	1189.3360	386.1980	1169.336	0.06	horizontal	29	633
VSS	PATH_11_217	{20.0000 382.7940} {1189.3360 382.8540}	20.0000	382.7940	1189.3360	382.8540	1169.336	0.06	horizontal	29	654
VSS	PATH_11_215	{20.0000 379.4500} {1189.3360 379.5100}	20.0000	379.4500	1189.3360	379.5100	1169.336	0.06	horizontal	29	678
VSS	PATH_11_213	{20.0000 376.1060} {1189.3360 376.1660}	20.0000	376.1060	1189.3360	376.1660	1169.336	0.06	horizontal	29	689
VSS	PATH_11_211	{20.0000 372.7620} {1189.3360 372.8220}	20.0000	372.7620	1189.3360	372.8220	1169.336	0.06	horizontal	29	687
VSS	PATH_11_209	{20.0000 369.4180} {1189.3360 369.4780}	20.0000	369.4180	1189.3360	369.4780	1169.336	0.06	horizontal	29	661
VSS	PATH_11_207	{20.0000 366.0740} {1189.3360 366.1340}	20.0000	366.0740	1189.3360	366.1340	1169.336	0.06	horizontal	29	651
VSS	PATH_11_205	{20.0000 362.7300} {1189.3360 362.7900}	20.0000	362.7300	1189.3360	362.7900	1169.336	0.06	horizontal	29	669
VSS	PATH_11_203	{20.0000 359.3860} {1189.3360 359.4460}	20.0000	359.3860	1189.3360	359.4460	1169.336	0.06	horizontal	29	649
VSS	PATH_11_201	{20.0000 356.0420} {1189.3360 356.1020}	20.0000	356.0420	1189.3360	356.1020	1169.336	0.06	horizontal	29	652
VSS	PATH_11_199	{20.0000 352.6980} {1189.3360 352.7580}	20.0000	352.6980	1189.3360	352.7580	1169.336	0.06	horizontal	29	634
VSS	PATH_11_197	{20.0000 349.3540} {1189.3360 349.4140}	20.0000	349.3540	1189.3360	349.4140	1169.336	0.06	horizontal	29	608
VSS	PATH_11_195	{20.0000 346.0100} {1189.3360 346.0700}	20.0000	346.0100	1189.3360	346.0700	1169.336	0.06	horizontal	29	637
VSS	PATH_11_193	{20.0000 342.6660} {1189.3360 342.7260}	20.0000	342.6660	1189.3360	342.7260	1169.336	0.06	horizontal	29	658
VSS	PATH_11_191	{20.0000 339.3220} {1189.3360 339.3820}	20.0000	339.3220	1189.3360	339.3820	1169.336	0.06	horizontal	29	651
VSS	PATH_11_189	{20.0000 335.9780} {1189.3360 336.0380}	20.0000	335.9780	1189.3360	336.0380	1169.336	0.06	horizontal	29	704
VSS	PATH_11_187	{20.0000 332.6340} {1189.3360 332.6940}	20.0000	332.6340	1189.3360	332.6940	1169.336	0.06	horizontal	29	710
VSS	PATH_11_185	{20.0000 329.2900} {1189.3360 329.3500}	20.0000	329.2900	1189.3360	329.3500	1169.336	0.06	horizontal	29	721
VSS	PATH_11_183	{20.0000 325.9460} {1189.3360 326.0060}	20.0000	325.9460	1189.3360	326.0060	1169.336	0.0599999999999	horizontal	29	728
VSS	PATH_11_181	{20.0000 322.6020} {1189.3360 322.6620}	20.0000	322.6020	1189.3360	322.6620	1169.336	0.06	horizontal	29	745
VSS	PATH_11_179	{20.0000 319.2580} {1189.3360 319.3180}	20.0000	319.2580	1189.3360	319.3180	1169.336	0.06	horizontal	29	730
VSS	PATH_11_177	{20.0000 315.9140} {1189.3360 315.9740}	20.0000	315.9140	1189.3360	315.9740	1169.336	0.06	horizontal	29	697
VSS	PATH_11_175	{20.0000 312.5700} {1189.3360 312.6300}	20.0000	312.5700	1189.3360	312.6300	1169.336	0.06	horizontal	29	705
VSS	PATH_11_173	{20.0000 309.2260} {1189.3360 309.2860}	20.0000	309.2260	1189.3360	309.2860	1169.336	0.06	horizontal	29	744
VSS	PATH_11_171	{20.0000 305.8820} {1189.3360 305.9420}	20.0000	305.8820	1189.3360	305.9420	1169.336	0.06	horizontal	29	713
VSS	PATH_11_169	{20.0000 302.5380} {1189.3360 302.5980}	20.0000	302.5380	1189.3360	302.5980	1169.336	0.06	horizontal	29	721
VSS	PATH_11_167	{20.0000 299.1940} {1189.3360 299.2540}	20.0000	299.1940	1189.3360	299.2540	1169.336	0.06	horizontal	29	758
VSS	PATH_11_165	{20.0000 295.8500} {1189.3360 295.9100}	20.0000	295.8500	1189.3360	295.9100	1169.336	0.06	horizontal	29	704
VSS	PATH_11_163	{20.0000 292.5060} {1189.3360 292.5660}	20.0000	292.5060	1189.3360	292.5660	1169.336	0.06	horizontal	29	676
VSS	PATH_11_161	{20.0000 289.1620} {1189.3360 289.2220}	20.0000	289.1620	1189.3360	289.2220	1169.336	0.06	horizontal	29	732
VSS	PATH_11_159	{20.0000 285.8180} {1189.3360 285.8780}	20.0000	285.8180	1189.3360	285.8780	1169.336	0.06	horizontal	29	674
VSS	PATH_11_157	{20.0000 282.4740} {1189.3360 282.5340}	20.0000	282.4740	1189.3360	282.5340	1169.336	0.06	horizontal	29	676
VSS	PATH_11_155	{20.0000 279.1300} {1189.3360 279.1900}	20.0000	279.1300	1189.3360	279.1900	1169.336	0.06	horizontal	29	692
VSS	PATH_11_153	{20.0000 275.7860} {1189.3360 275.8460}	20.0000	275.7860	1189.3360	275.8460	1169.336	0.06	horizontal	29	718
VSS	PATH_11_151	{20.0000 272.4420} {1189.3360 272.5020}	20.0000	272.4420	1189.3360	272.5020	1169.336	0.06	horizontal	29	677
VSS	PATH_11_149	{20.0000 269.0980} {1189.3360 269.1580}	20.0000	269.0980	1189.3360	269.1580	1169.336	0.06	horizontal	29	684
VSS	PATH_11_147	{20.0000 265.7540} {1189.3360 265.8140}	20.0000	265.7540	1189.3360	265.8140	1169.336	0.06	horizontal	29	718
VSS	PATH_11_145	{20.0000 262.4100} {1189.3360 262.4700}	20.0000	262.4100	1189.3360	262.4700	1169.336	0.06	horizontal	29	670
VSS	PATH_11_143	{20.0000 259.0660} {1189.3360 259.1260}	20.0000	259.0660	1189.3360	259.1260	1169.336	0.06	horizontal	29	712
VSS	PATH_11_141	{20.0000 255.7220} {1189.3360 255.7820}	20.0000	255.7220	1189.3360	255.7820	1169.336	0.06	horizontal	29	681
VSS	PATH_11_139	{20.0000 252.3780} {1189.3360 252.4380}	20.0000	252.3780	1189.3360	252.4380	1169.336	0.06	horizontal	29	716
VSS	PATH_11_137	{20.0000 249.0340} {1189.3360 249.0940}	20.0000	249.0340	1189.3360	249.0940	1169.336	0.06	horizontal	29	691
VSS	PATH_11_135	{20.0000 245.6900} {1189.3360 245.7500}	20.0000	245.6900	1189.3360	245.7500	1169.336	0.06	horizontal	29	676
VSS	PATH_11_133	{20.0000 242.3460} {1189.3360 242.4060}	20.0000	242.3460	1189.3360	242.4060	1169.336	0.06	horizontal	29	667
VSS	PATH_11_131	{20.0000 239.0020} {1189.3360 239.0620}	20.0000	239.0020	1189.3360	239.0620	1169.336	0.06	horizontal	29	665
VSS	PATH_11_129	{20.0000 235.6580} {1189.3360 235.7180}	20.0000	235.6580	1189.3360	235.7180	1169.336	0.06	horizontal	29	679
VSS	PATH_11_127	{20.0000 232.3140} {1189.3360 232.3740}	20.0000	232.3140	1189.3360	232.3740	1169.336	0.06	horizontal	29	662
VSS	PATH_11_125	{20.0000 228.9700} {1189.3360 229.0300}	20.0000	228.9700	1189.3360	229.0300	1169.336	0.06	horizontal	29	679
VSS	PATH_11_123	{20.0000 225.6260} {1189.3360 225.6860}	20.0000	225.6260	1189.3360	225.6860	1169.336	0.06	horizontal	29	660
VSS	PATH_11_121	{20.0000 222.2820} {1189.3360 222.3420}	20.0000	222.2820	1189.3360	222.3420	1169.336	0.06	horizontal	29	659
VSS	PATH_11_119	{20.0000 218.9380} {1189.3360 218.9980}	20.0000	218.9380	1189.3360	218.9980	1169.336	0.06	horizontal	29	710
VSS	PATH_11_117	{20.0000 215.5940} {1189.3360 215.6540}	20.0000	215.5940	1189.3360	215.6540	1169.336	0.06	horizontal	29	648
VSS	PATH_11_115	{20.0000 212.2500} {1189.3360 212.3100}	20.0000	212.2500	1189.3360	212.3100	1169.336	0.06	horizontal	29	656
VSS	PATH_11_113	{20.0000 208.9060} {1189.3360 208.9660}	20.0000	208.9060	1189.3360	208.9660	1169.336	0.06	horizontal	29	691
VSS	PATH_11_111	{20.0000 205.5620} {1189.3360 205.6220}	20.0000	205.5620	1189.3360	205.6220	1169.336	0.06	horizontal	29	653
VSS	PATH_11_109	{20.0000 202.2180} {1189.3360 202.2780}	20.0000	202.2180	1189.3360	202.2780	1169.336	0.06	horizontal	29	650
VSS	PATH_11_107	{20.0000 198.8740} {1189.3360 198.9340}	20.0000	198.8740	1189.3360	198.9340	1169.336	0.06	horizontal	29	680
VSS	PATH_11_105	{20.0000 195.5300} {1189.3360 195.5900}	20.0000	195.5300	1189.3360	195.5900	1169.336	0.06	horizontal	29	662
VSS	PATH_11_103	{20.0000 192.1860} {1189.3360 192.2460}	20.0000	192.1860	1189.3360	192.2460	1169.336	0.06	horizontal	29	668
VSS	PATH_11_101	{20.0000 188.8420} {1189.3360 188.9020}	20.0000	188.8420	1189.3360	188.9020	1169.336	0.06	horizontal	29	648
VSS	PATH_11_99	{20.0000 185.4980} {1189.3360 185.5580}	20.0000	185.4980	1189.3360	185.5580	1169.336	0.06	horizontal	29	686
VSS	PATH_11_97	{20.0000 182.1540} {1189.3360 182.2140}	20.0000	182.1540	1189.3360	182.2140	1169.336	0.06	horizontal	29	682
VSS	PATH_11_95	{20.0000 178.8100} {1189.3360 178.8700}	20.0000	178.8100	1189.3360	178.8700	1169.336	0.06	horizontal	29	699
VSS	PATH_11_93	{20.0000 175.4660} {1189.3360 175.5260}	20.0000	175.4660	1189.3360	175.5260	1169.336	0.06	horizontal	29	670
VSS	PATH_11_91	{20.0000 172.1220} {1189.3360 172.1820}	20.0000	172.1220	1189.3360	172.1820	1169.336	0.06	horizontal	29	698
VSS	PATH_11_89	{20.0000 168.7780} {1189.3360 168.8380}	20.0000	168.7780	1189.3360	168.8380	1169.336	0.06	horizontal	29	674
VSS	PATH_11_87	{20.0000 165.4340} {1189.3360 165.4940}	20.0000	165.4340	1189.3360	165.4940	1169.336	0.06	horizontal	29	684
VSS	PATH_11_85	{20.0000 162.0900} {1189.3360 162.1500}	20.0000	162.0900	1189.3360	162.1500	1169.336	0.06	horizontal	29	673
VSS	PATH_11_83	{20.0000 158.7460} {1189.3360 158.8060}	20.0000	158.7460	1189.3360	158.8060	1169.336	0.06	horizontal	29	681
VSS	PATH_11_81	{20.0000 155.4020} {1189.3360 155.4620}	20.0000	155.4020	1189.3360	155.4620	1169.336	0.06	horizontal	29	707
VSS	PATH_11_79	{20.0000 152.0580} {1189.3360 152.1180}	20.0000	152.0580	1189.3360	152.1180	1169.336	0.06	horizontal	29	700
VSS	PATH_11_77	{20.0000 148.7140} {1189.3360 148.7740}	20.0000	148.7140	1189.3360	148.7740	1169.336	0.06	horizontal	29	678
VSS	PATH_11_75	{20.0000 145.3700} {1189.3360 145.4300}	20.0000	145.3700	1189.3360	145.4300	1169.336	0.06	horizontal	29	686
VSS	PATH_11_73	{20.0000 142.0260} {1189.3360 142.0860}	20.0000	142.0260	1189.3360	142.0860	1169.336	0.06	horizontal	29	637
VSS	PATH_11_71	{20.0000 138.6820} {1189.3360 138.7420}	20.0000	138.6820	1189.3360	138.7420	1169.336	0.06	horizontal	29	668
VSS	PATH_11_69	{20.0000 135.3380} {1189.3360 135.3980}	20.0000	135.3380	1189.3360	135.3980	1169.336	0.06	horizontal	29	655
VSS	PATH_11_67	{20.0000 131.9940} {1189.3360 132.0540}	20.0000	131.9940	1189.3360	132.0540	1169.336	0.06	horizontal	29	683
VSS	PATH_11_65	{20.0000 128.6500} {1189.3360 128.7100}	20.0000	128.6500	1189.3360	128.7100	1169.336	0.06	horizontal	29	646
VSS	PATH_11_63	{20.0000 125.3060} {1189.3360 125.3660}	20.0000	125.3060	1189.3360	125.3660	1169.336	0.06	horizontal	29	642
VSS	PATH_11_61	{20.0000 121.9620} {1189.3360 122.0220}	20.0000	121.9620	1189.3360	122.0220	1169.336	0.06	horizontal	29	653
VSS	PATH_11_59	{20.0000 118.6180} {1189.3360 118.6780}	20.0000	118.6180	1189.3360	118.6780	1169.336	0.06	horizontal	29	622
VSS	PATH_11_57	{20.0000 115.2740} {1189.3360 115.3340}	20.0000	115.2740	1189.3360	115.3340	1169.336	0.06	horizontal	29	643
VSS	PATH_11_55	{20.0000 111.9300} {1189.3360 111.9900}	20.0000	111.9300	1189.3360	111.9900	1169.336	0.06	horizontal	29	606
VSS	PATH_11_53	{20.0000 108.5860} {1189.3360 108.6460}	20.0000	108.5860	1189.3360	108.6460	1169.336	0.06	horizontal	29	649
VSS	PATH_11_51	{20.0000 105.2420} {1189.3360 105.3020}	20.0000	105.2420	1189.3360	105.3020	1169.336	0.06	horizontal	29	601
VSS	PATH_11_49	{20.0000 101.8980} {1189.3360 101.9580}	20.0000	101.8980	1189.3360	101.9580	1169.336	0.06	horizontal	29	605
VSS	PATH_11_47	{20.0000 98.5540} {1189.3360 98.6140}	20.0000	98.5540	1189.3360	98.6140	1169.336	0.06	horizontal	29	633
VSS	PATH_11_45	{20.0000 95.2100} {1189.3360 95.2700}	20.0000	95.2100	1189.3360	95.2700	1169.336	0.06	horizontal	29	627
VSS	PATH_11_43	{20.0000 91.8660} {1189.3360 91.9260}	20.0000	91.8660	1189.3360	91.9260	1169.336	0.06	horizontal	29	612
VSS	PATH_11_41	{20.0000 88.5220} {1189.3360 88.5820}	20.0000	88.5220	1189.3360	88.5820	1169.336	0.06	horizontal	29	593
VSS	PATH_11_39	{20.0000 85.1780} {1189.3360 85.2380}	20.0000	85.1780	1189.3360	85.2380	1169.336	0.06	horizontal	29	618
VSS	PATH_11_37	{20.0000 81.8340} {1189.3360 81.8940}	20.0000	81.8340	1189.3360	81.8940	1169.336	0.06	horizontal	29	574
VSS	PATH_11_35	{20.0000 78.4900} {1189.3360 78.5500}	20.0000	78.4900	1189.3360	78.5500	1169.336	0.06	horizontal	29	591
VSS	PATH_11_33	{20.0000 75.1460} {1189.3360 75.2060}	20.0000	75.1460	1189.3360	75.2060	1169.336	0.06	horizontal	29	586
VSS	PATH_11_31	{20.0000 71.8020} {1189.3360 71.8620}	20.0000	71.8020	1189.3360	71.8620	1169.336	0.06	horizontal	29	603
VSS	PATH_11_29	{20.0000 68.4580} {1189.3360 68.5180}	20.0000	68.4580	1189.3360	68.5180	1169.336	0.06	horizontal	29	583
VSS	PATH_11_27	{20.0000 65.1140} {1189.3360 65.1740}	20.0000	65.1140	1189.3360	65.1740	1169.336	0.06	horizontal	29	604
VSS	PATH_11_25	{20.0000 61.7700} {1189.3360 61.8300}	20.0000	61.7700	1189.3360	61.8300	1169.336	0.06	horizontal	29	585
VSS	PATH_11_23	{20.0000 58.4260} {1189.3360 58.4860}	20.0000	58.4260	1189.3360	58.4860	1169.336	0.06	horizontal	29	562
VSS	PATH_11_21	{20.0000 55.0820} {1189.3360 55.1420}	20.0000	55.0820	1189.3360	55.1420	1169.336	0.06	horizontal	29	553
VSS	PATH_11_19	{20.0000 51.7380} {1189.3360 51.7980}	20.0000	51.7380	1189.3360	51.7980	1169.336	0.06	horizontal	29	532
VSS	PATH_11_17	{20.0000 48.3940} {1189.3360 48.4540}	20.0000	48.3940	1189.3360	48.4540	1169.336	0.06	horizontal	29	517
VSS	PATH_11_15	{20.0000 45.0500} {1189.3360 45.1100}	20.0000	45.0500	1189.3360	45.1100	1169.336	0.06	horizontal	29	560
VSS	PATH_11_13	{20.0000 41.7060} {1189.3360 41.7660}	20.0000	41.7060	1189.3360	41.7660	1169.336	0.06	horizontal	29	522
VSS	PATH_11_11	{20.0000 38.3620} {1189.3360 38.4220}	20.0000	38.3620	1189.3360	38.4220	1169.336	0.06	horizontal	29	514
VSS	PATH_11_9	{20.0000 35.0180} {1189.3360 35.0780}	20.0000	35.0180	1189.3360	35.0780	1169.336	0.06	horizontal	29	485
VSS	PATH_11_7	{20.0000 31.6740} {1189.3360 31.7340}	20.0000	31.6740	1189.3360	31.7340	1169.336	0.06	horizontal	29	478
VSS	PATH_11_5	{20.0000 28.3300} {1189.3360 28.3900}	20.0000	28.3300	1189.3360	28.3900	1169.336	0.06	horizontal	29	455
VSS	PATH_11_3	{20.0000 24.9860} {1189.3360 25.0460}	20.0000	24.9860	1189.3360	25.0460	1169.336	0.06	horizontal	29	362
VSS	PATH_11_1	{20.0000 21.6420} {1189.3360 21.7020}	20.0000	21.6420	1189.3360	21.7020	1169.336	0.06	horizontal	29	136
