x	shape	net	y	bbox	object_type	object_name	object_layer	object_net	object_bbox
20.0	PATH_11_507	VSS	867.704	{19.75 867.454} {20.25 867.954}	shape	PATH_15_599541	M3	ZBUF_61_2921	{20.1240 867.5240} {22.6120 867.5800}
20.0	PATH_11_507	VSS	867.704	{19.75 867.454} {20.25 867.954}	shape	PATH_13_1100484	M2	ZBUF_61_2921	{20.1240 867.5240} {20.1800 868.4920}
30.0	PATH_11_483	VSS	827.576	{29.75 827.326} {30.25 827.826}	shape	PATH_19_4512	M5	n48805	{27.2680 827.3960} {38.5720 827.4520}
30.0	PATH_11_483	VSS	827.576	{29.75 827.326} {30.25 827.826}	shape	PATH_21_13493	M6	ZBUF_143_1089	{29.7000 802.4680} {29.7560 911.3560}
30.0	PATH_11_483	VSS	827.576	{29.75 827.326} {30.25 827.826}	shape	PATH_13_368047	M2	n48706	{29.7000 820.1000} {29.7560 829.4280}
30.0	PATH_11_483	VSS	827.576	{29.75 827.326} {30.25 827.826}	shape	PATH_13_751212	M2	n139954	{29.8520 826.7880} {29.9080 828.3640}
30.0	PATH_11_483	VSS	827.576	{29.75 827.326} {30.25 827.826}	shape	PATH_13_1220191	M2	ZBUF_317_3378	{30.0040 826.4840} {30.0600 831.1000}
30.0	PATH_11_507	VSS	867.704	{29.75 867.454} {30.25 867.954}	shape	PATH_21_13493	M6	ZBUF_143_1089	{29.7000 802.4680} {29.7560 911.3560}
30.0	PATH_11_507	VSS	867.704	{29.75 867.454} {30.25 867.954}	shape	PATH_15_371769	M3	n140366	{28.3320 867.8280} {30.2120 867.8840}
30.0	PATH_11_507	VSS	867.704	{29.75 867.454} {30.25 867.954}	shape	PATH_15_371770	M3	n140366	{30.1560 867.8280} {30.2120 868.1880}
30.0	PATH_11_507	VSS	867.704	{29.75 867.454} {30.25 867.954}	shape	PATH_13_453950	M2	n76819	{29.7000 861.4440} {29.7560 870.0120}
30.0	PATH_11_531	VSS	907.832	{29.75 907.582} {30.25 908.082}	shape	PATH_21_13493	M6	ZBUF_143_1089	{29.7000 802.4680} {29.7560 911.3560}
30.0	PATH_11_531	VSS	907.832	{29.75 907.582} {30.25 908.082}	shape	PATH_19_26453	M5	n139352	{22.7080 907.6520} {35.2280 907.7080}
30.0	PATH_11_531	VSS	907.832	{29.75 907.582} {30.25 908.082}	shape	PATH_13_931123	M2	ZBUF_1076_1074	{30.1560 898.8360} {30.2120 910.4440}
30.0	PATH_11_555	VSS	947.96	{29.75 947.71} {30.25 948.21}	shape	PATH_15_177686	M3	n59237	{26.5080 947.7800} {30.5160 947.8360}
30.0	PATH_11_555	VSS	947.96	{29.75 947.71} {30.25 948.21}	shape	PATH_15_177888	M3	n59357	{28.0280 948.0840} {31.2760 948.1400}
30.0	PATH_11_555	VSS	947.96	{29.75 947.71} {30.25 948.21}	shape	PATH_13_400120	M2	n59251	{29.8520 928.4760} {29.9080 952.0920}
30.0	PATH_11_555	VSS	947.96	{29.75 947.71} {30.25 948.21}	shape	PATH_13_400437	M2	n59343	{29.7000 947.4760} {29.7560 948.5960}
30.0	PATH_11_555	VSS	947.96	{29.75 947.71} {30.25 948.21}	shape	PATH_13_400606	M2	n59396	{30.0040 947.1720} {30.0600 961.9720}
30.0	PATH_11_555	VSS	947.96	{29.75 947.71} {30.25 948.21}	shape	PATH_13_400763	M2	n59450	{30.1560 942.1560} {30.2120 949.0520}
40.0	PATH_11_483	VSS	827.576	{39.75 827.326} {40.25 827.826}	shape	PATH_21_18831	M6	ZBUF_571_2527	{40.0360 824.3560} {40.0920 827.4520}
40.0	PATH_11_483	VSS	827.576	{39.75 827.326} {40.25 827.826}	shape	PATH_19_80208	M5	ZBUF_571_2527	{40.0360 827.3960} {47.6920 827.4520}
40.0	PATH_11_483	VSS	827.576	{39.75 827.326} {40.25 827.826}	shape	PATH_17_129460	M4	ZBUF_1070_83	{39.7320 809.7640} {39.7880 829.8840}
40.0	PATH_11_483	VSS	827.576	{39.75 827.326} {40.25 827.826}	shape	PATH_15_163129	M3	n48813	{36.5400 827.7000} {44.9560 827.7560}
40.0	PATH_11_507	VSS	867.704	{39.75 867.454} {40.25 867.954}	shape	PATH_19_7967	M5	n76799	{33.9560 867.5240} {46.1720 867.5800}
40.0	PATH_11_507	VSS	867.704	{39.75 867.454} {40.25 867.954}	shape	PATH_21_17181	M6	ZBUF_1906_2029	{40.0360 859.0120} {40.0920 870.0120}
40.0	PATH_11_507	VSS	867.704	{39.75 867.454} {40.25 867.954}	shape	PATH_17_63588	M4	n140366	{39.7320 855.9720} {39.7880 868.1880}
40.0	PATH_11_507	VSS	867.704	{39.75 867.454} {40.25 867.954}	shape	PATH_15_202611	M3	n76593	{36.2360 867.8280} {43.1320 867.8840}
40.0	PATH_11_507	VSS	867.704	{39.75 867.454} {40.25 867.954}	shape	PATH_15_359540	M3	n138899	{37.7560 867.5240} {40.7000 867.5800}
40.0	PATH_11_531	VSS	907.832	{39.75 907.582} {40.25 908.082}	shape	PATH_15_129019	M3	n24402	{35.7800 907.9560} {40.8520 908.0120}
40.0	PATH_11_531	VSS	907.832	{39.75 907.582} {40.25 908.082}	shape	PATH_15_130619	M3	n25337	{38.9720 907.6520} {42.8280 907.7080}
40.0	PATH_11_531	VSS	907.832	{39.75 907.582} {40.25 908.082}	shape	PATH_17_184517	M4	ZBUF_69_3280	{39.7320 903.3960} {39.7880 909.8360}
40.0	PATH_11_555	VSS	947.96	{39.75 947.71} {40.25 948.21}	shape	PATH_17_154355	M4	ZBUF_1044_2029	{40.0360 939.5720} {40.0920 949.0520}
40.0	PATH_11_555	VSS	947.96	{39.75 947.71} {40.25 948.21}	shape	PATH_15_177687	M3	n59237	{30.4600 947.7800} {41.1560 947.8360}
40.0	PATH_11_555	VSS	947.96	{39.75 947.71} {40.25 948.21}	shape	PATH_17_184515	M4	ZBUF_69_3280	{39.7320 934.7080} {39.7880 959.3880}
50.0	PATH_11_483	VSS	827.576	{49.75 827.326} {50.25 827.826}	shape	PATH_17_12899	M4	n48799	{49.7640 823.1400} {49.8200 831.1000}
50.0	PATH_11_483	VSS	827.576	{49.75 827.326} {50.25 827.826}	shape	PATH_19_80209	M5	ZBUF_571_2527	{47.6360 827.3960} {53.4680 827.4520}
50.0	PATH_11_483	VSS	827.576	{49.75 827.326} {50.25 827.826}	shape	PATH_17_130108	M4	ZBUF_2843_92	{50.0680 823.1400} {50.1240 836.5720}
50.0	PATH_11_483	VSS	827.576	{49.75 827.326} {50.25 827.826}	shape	PATH_15_163855	M3	n49199	{44.2920 827.3960} {50.4280 827.4520}
50.0	PATH_11_507	VSS	867.704	{49.75 867.454} {50.25 867.954}	shape	PATH_17_59569	M4	n138980	{49.7640 850.8040} {49.8200 874.2680}
50.0	PATH_11_507	VSS	867.704	{49.75 867.454} {50.25 867.954}	shape	PATH_17_148059	M4	ZBUF_477_1621	{50.0680 860.2280} {50.1240 869.1000}
50.0	PATH_11_507	VSS	867.704	{49.75 867.454} {50.25 867.954}	shape	PATH_15_371782	M3	n140366	{48.7000 867.8280} {52.8600 867.8840}
50.0	PATH_11_507	VSS	867.704	{49.75 867.454} {50.25 867.954}	shape	PATH_13_453096	M2	n76568	{49.9160 866.9160} {49.9720 868.1880}
50.0	PATH_11_507	VSS	867.704	{49.75 867.454} {50.25 867.954}	shape	PATH_15_606641	M3	ZBUF_179_2956	{49.1560 867.5240} {53.7720 867.5800}
50.0	PATH_11_507	VSS	867.704	{49.75 867.454} {50.25 867.954}	shape	PATH_13_736287	M2	n138887	{49.7640 862.9640} {49.8200 869.7080}
50.0	PATH_11_531	VSS	907.832	{49.75 907.582} {50.25 908.082}	shape	PATH_21_1192	M6	n52408	{49.7640 875.4280} {49.8200 924.1240}
50.0	PATH_11_531	VSS	907.832	{49.75 907.582} {50.25 908.082}	shape	PATH_19_2111	M5	n24343	{45.2040 907.6520} {58.9400 907.7080}
50.0	PATH_11_531	VSS	907.832	{49.75 907.582} {50.25 908.082}	shape	PATH_17_7104	M4	n25249	{50.0680 907.6520} {50.1240 913.1800}
50.0	PATH_11_531	VSS	907.832	{49.75 907.582} {50.25 908.082}	shape	PATH_15_130381	M3	n25249	{47.1800 907.6520} {50.1240 907.7080}
50.0	PATH_11_531	VSS	907.832	{49.75 907.582} {50.25 908.082}	shape	PATH_13_292629	M2	n24308	{49.9160 907.3480} {49.9720 908.0120}
50.0	PATH_11_531	VSS	907.832	{49.75 907.582} {50.25 908.082}	shape	PATH_13_292631	M2	n24308	{50.0680 907.9560} {50.1240 908.7720}
50.0	PATH_11_531	VSS	907.832	{49.75 907.582} {50.25 908.082}	shape	PATH_13_752349	M2	n139997	{49.7640 905.3720} {49.8200 908.6200}
50.0	PATH_11_555	VSS	947.96	{49.75 947.71} {50.25 948.21}	shape	PATH_19_5778	M5	n59450	{44.2920 947.7800} {58.6360 947.8360}
50.0	PATH_11_555	VSS	947.96	{49.75 947.71} {50.25 948.21}	shape	PATH_21_6576	M6	n137636	{49.7640 940.4840} {49.8200 949.6600}
50.0	PATH_11_555	VSS	947.96	{49.75 947.71} {50.25 948.21}	shape	PATH_17_15930	M4	n59458	{49.7640 935.9240} {49.8200 957.8680}
50.0	PATH_11_555	VSS	947.96	{49.75 947.71} {50.25 948.21}	shape	PATH_17_143313	M4	ZBUF_71_1120	{50.0680 942.3080} {50.1240 971.5480}
50.0	PATH_11_555	VSS	947.96	{49.75 947.71} {50.25 948.21}	shape	PATH_15_177688	M3	n59237	{41.1000 947.7800} {52.1000 947.8360}
50.0	PATH_11_555	VSS	947.96	{49.75 947.71} {50.25 948.21}	shape	PATH_15_546246	M3	ZBUF_876_2041	{49.4600 948.0840} {51.7960 948.1400}
50.0	PATH_11_555	VSS	947.96	{49.75 947.71} {50.25 948.21}	shape	PATH_13_736347	M2	n138889	{50.0680 947.1720} {50.1240 949.0520}
50.0	PATH_11_555	VSS	947.96	{49.75 947.71} {50.25 948.21}	shape	PATH_13_1016189	M2	ZBUF_402_2041	{49.7640 945.6520} {49.8200 953.0040}
60.0	PATH_11_483	VSS	827.576	{59.75 827.326} {60.25 827.826}	shape	PATH_15_537174	M3	ZBUF_2020_2000	{55.8440 827.3960} {65.6280 827.4520}
70.0	PATH_11_483	VSS	827.576	{69.75 827.326} {70.25 827.826}	shape	PATH_21_1993	M6	n76291	{69.8280 778.7560} {69.8840 848.7320}
70.0	PATH_11_483	VSS	827.576	{69.75 827.326} {70.25 827.826}	shape	PATH_19_25712	M5	n138997	{61.3160 827.3960} {70.1880 827.4520}
70.0	PATH_11_483	VSS	827.576	{69.75 827.326} {70.25 827.826}	shape	PATH_17_59638	M4	n138997	{70.1320 827.3960} {70.1880 828.6680}
70.0	PATH_11_483	VSS	827.576	{69.75 827.326} {70.25 827.826}	shape	PATH_15_461304	M3	ZBUF_28_91	{65.2680 827.7000} {71.1000 827.7560}
70.0	PATH_11_507	VSS	867.704	{69.75 867.454} {70.25 867.954}	shape	PATH_21_21012	M6	ZBUF_409_2924	{69.8280 854.7560} {69.8840 888.8600}
70.0	PATH_11_507	VSS	867.704	{69.75 867.454} {70.25 867.954}	shape	PATH_19_68280	M5	ZBUF_20_1066	{64.3560 867.5240} {91.1640 867.5800}
70.0	PATH_11_507	VSS	867.704	{69.75 867.454} {70.25 867.954}	shape	PATH_17_146723	M4	ZBUF_81_1605	{70.1320 844.7240} {70.1880 874.5720}
70.0	PATH_11_507	VSS	867.704	{69.75 867.454} {70.25 867.954}	shape	PATH_15_201875	M3	n76157	{68.3080 867.5240} {72.6200 867.5800}
70.0	PATH_11_507	VSS	867.704	{69.75 867.454} {70.25 867.954}	shape	PATH_13_451786	M2	n76180	{69.8280 867.2200} {69.8840 867.8840}
70.0	PATH_11_507	VSS	867.704	{69.75 867.454} {70.25 867.954}	via	VIA_S_1207658	VIA23SQ_C	n140006	{69.6490 867.8010} {69.7590 867.9110}
70.0	PATH_11_531	VSS	907.832	{69.75 907.582} {70.25 908.082}	shape	PATH_19_2257	M5	n25272	{65.8760 907.6520} {75.9640 907.7080}
70.0	PATH_11_531	VSS	907.832	{69.75 907.582} {70.25 908.082}	shape	PATH_17_15981	M4	n59567	{70.1320 883.0280} {70.1880 923.2120}
70.0	PATH_11_531	VSS	907.832	{69.75 907.582} {70.25 908.082}	shape	PATH_17_61172	M4	n139338	{69.8280 903.7000} {69.8840 909.2280}
70.0	PATH_11_531	VSS	907.832	{69.75 907.582} {70.25 908.082}	shape	PATH_13_292073	M2	n24139	{69.8280 906.8920} {69.8840 908.9240}
70.0	PATH_11_531	VSS	907.832	{69.75 907.582} {70.25 908.082}	shape	PATH_15_359442	M3	n138895	{62.2280 907.6520} {76.2680 907.7080}
70.0	PATH_11_531	VSS	907.832	{69.75 907.582} {70.25 908.082}	shape	PATH_15_369293	M3	n140007	{69.5240 907.9560} {72.3160 908.0120}
70.0	PATH_11_531	VSS	907.832	{69.75 907.582} {70.25 908.082}	shape	PATH_13_720782	M2	n137983	{69.9800 902.7880} {70.0360 916.8280}
70.0	PATH_11_555	VSS	947.96	{69.75 947.71} {70.25 948.21}	shape	PATH_17_16027	M4	n59650	{69.8280 947.7800} {69.8840 959.9960}
70.0	PATH_11_555	VSS	947.96	{69.75 947.71} {70.25 948.21}	shape	PATH_19_76816	M5	ZBUF_1044_2029	{61.9240 947.7800} {75.9640 947.8360}
70.0	PATH_11_555	VSS	947.96	{69.75 947.71} {70.25 948.21}	shape	PATH_15_178394	M3	n59650	{69.8280 947.7800} {70.7960 947.8360}
70.0	PATH_11_555	VSS	947.96	{69.75 947.71} {70.25 948.21}	shape	PATH_13_883601	M2	ZBUF_1516_95	{69.9800 945.0440} {70.0360 951.4840}
70.0	PATH_11_579	VSS	988.088	{69.75 987.838} {70.25 988.338}	shape	PATH_13_393777	M2	n57233	{69.6760 987.9080} {69.8840 987.9640}
70.0	PATH_11_579	VSS	988.088	{69.75 987.838} {70.25 988.338}	shape	PATH_13_393778	M2	n57233	{69.8280 986.6920} {69.8840 987.9640}
80.0	PATH_11_483	VSS	827.576	{79.75 827.326} {80.25 827.826}	shape	PATH_17_59289	M4	n138894	{80.1640 824.3560} {80.2200 827.7560}
80.0	PATH_11_483	VSS	827.576	{79.75 827.326} {80.25 827.826}	shape	PATH_17_59309	M4	n138897	{79.8600 827.0920} {79.9160 831.1000}
80.0	PATH_11_483	VSS	827.576	{79.75 827.326} {80.25 827.826}	shape	PATH_19_70991	M5	ZBUF_28_1173	{71.9560 827.3960} {86.3000 827.4520}
80.0	PATH_11_483	VSS	827.576	{79.75 827.326} {80.25 827.826}	shape	PATH_15_349782	M3	n137971	{73.9320 827.3960} {82.8040 827.4520}
80.0	PATH_11_483	VSS	827.576	{79.75 827.326} {80.25 827.826}	shape	PATH_15_359421	M3	n138894	{80.1640 827.7000} {84.1720 827.7560}
80.0	PATH_11_507	VSS	867.704	{79.75 867.454} {80.25 867.954}	shape	PATH_17_15951	M4	n59514	{80.1640 848.9800} {80.2200 868.1880}
80.0	PATH_11_507	VSS	867.704	{79.75 867.454} {80.25 867.954}	shape	PATH_17_20760	M4	n76151	{79.8600 863.8760} {79.9160 868.1880}
80.0	PATH_11_507	VSS	867.704	{79.75 867.454} {80.25 867.954}	shape	PATH_21_23477	M6	ZBUF_115_3369	{80.1640 865.0920} {80.2200 869.4040}
80.0	PATH_11_507	VSS	867.704	{79.75 867.454} {80.25 867.954}	shape	PATH_19_68280	M5	ZBUF_20_1066	{64.3560 867.5240} {91.1640 867.5800}
80.0	PATH_11_507	VSS	867.704	{79.75 867.454} {80.25 867.954}	shape	PATH_15_163869	M3	n49204	{78.6440 867.8280} {86.3000 867.8840}
80.0	PATH_11_507	VSS	867.704	{79.75 867.454} {80.25 867.954}	shape	PATH_15_461673	M3	ZBUF_1720_92	{77.7320 867.5240} {86.9080 867.5800}
80.0	PATH_11_531	VSS	907.832	{79.75 907.582} {80.25 908.082}	shape	PATH_15_523471	M3	ZBUF_66_1638	{77.7320 907.6520} {83.4120 907.7080}
80.0	PATH_11_531	VSS	907.832	{79.75 907.582} {80.25 908.082}	shape	PATH_15_561894	M3	ZBUF_643_2519	{78.6440 907.9560} {80.5240 908.0120}
80.0	PATH_11_555	VSS	947.96	{79.75 947.71} {80.25 948.21}	shape	PATH_19_76817	M5	ZBUF_1044_2029	{75.9080 947.7800} {84.1720 947.8360}
80.0	PATH_11_555	VSS	947.96	{79.75 947.71} {80.25 948.21}	shape	PATH_17_130539	M4	ZBUF_1711_96	{80.1640 941.3960} {80.2200 961.2120}
80.0	PATH_11_555	VSS	947.96	{79.75 947.71} {80.25 948.21}	shape	PATH_17_140228	M4	ZBUF_2526_1080	{79.8600 934.7080} {79.9160 948.1400}
80.0	PATH_11_555	VSS	947.96	{79.75 947.71} {80.25 948.21}	shape	PATH_15_493809	M3	ZBUF_2526_1080	{78.9480 948.0840} {79.9160 948.1400}
80.0	PATH_11_555	VSS	947.96	{79.75 947.71} {80.25 948.21}	shape	PATH_15_493811	M3	ZBUF_2526_1080	{79.8600 948.0840} {81.5880 948.1400}
80.0	PATH_11_555	VSS	947.96	{79.75 947.71} {80.25 948.21}	shape	PATH_15_547311	M3	ZBUF_322_2049	{79.4040 947.7800} {83.1080 947.8360}
80.0	PATH_11_579	VSS	988.088	{79.75 987.838} {80.25 988.338}	shape	PATH_21_1315	M6	n56858	{80.1640 972.1000} {80.2200 991.0040}
80.0	PATH_11_579	VSS	988.088	{79.75 987.838} {80.25 988.338}	shape	PATH_17_15322	M4	n57319	{80.1640 984.2600} {80.2200 987.9640}
80.0	PATH_11_579	VSS	988.088	{79.75 987.838} {80.25 988.338}	shape	PATH_19_18486	M5	n132858	{74.6920 987.9080} {94.8120 987.9640}
80.0	PATH_11_579	VSS	988.088	{79.75 987.838} {80.25 988.338}	shape	PATH_15_174654	M3	n57157	{79.1000 988.2120} {80.3720 988.2680}
80.0	PATH_11_579	VSS	988.088	{79.75 987.838} {80.25 988.338}	shape	PATH_15_175018	M3	n57319	{80.1640 987.9080} {80.8280 987.9640}
90.0	PATH_11_483	VSS	827.576	{89.75 827.326} {90.25 827.826}	shape	PATH_21_17553	M6	ZBUF_154_2047	{89.8920 792.7400} {89.9480 883.9960}
90.0	PATH_11_483	VSS	827.576	{89.75 827.326} {90.25 827.826}	shape	PATH_19_62769	M5	ZBUF_989_92	{89.5880 827.3960} {106.3640 827.4520}
90.0	PATH_11_483	VSS	827.576	{89.75 827.326} {90.25 827.826}	shape	PATH_15_201840	M3	n76131	{89.5880 827.7000} {90.7080 827.7560}
90.0	PATH_11_483	VSS	827.576	{89.75 827.326} {90.25 827.826}	shape	PATH_13_885865	M2	ZBUF_1514_101	{89.7400 813.2600} {89.7960 832.0120}
90.0	PATH_11_507	VSS	867.704	{89.75 867.454} {90.25 867.954}	shape	PATH_17_13852	M4	n52498	{89.8920 866.6120} {89.9480 873.6600}
90.0	PATH_11_507	VSS	867.704	{89.75 867.454} {90.25 867.954}	shape	PATH_21_17553	M6	ZBUF_154_2047	{89.8920 792.7400} {89.9480 883.9960}
90.0	PATH_11_507	VSS	867.704	{89.75 867.454} {90.25 867.954}	shape	PATH_19_68280	M5	ZBUF_20_1066	{64.3560 867.5240} {91.1640 867.5800}
90.0	PATH_11_507	VSS	867.704	{89.75 867.454} {90.25 867.954}	shape	PATH_17_155206	M4	ZBUF_1812_2034	{90.1960 865.0920} {90.2520 889.7720}
90.0	PATH_11_507	VSS	867.704	{89.75 867.454} {90.25 867.954}	shape	PATH_15_360139	M3	n138980	{87.4600 867.8280} {91.9240 867.8840}
90.0	PATH_11_507	VSS	867.704	{89.75 867.454} {90.25 867.954}	shape	PATH_13_379113	M2	n52443	{89.8920 866.9160} {89.9480 871.8360}
90.0	PATH_11_507	VSS	867.704	{89.75 867.454} {90.25 867.954}	shape	PATH_13_379405	M2	n52517	{90.0440 865.3960} {90.1000 868.4920}
90.0	PATH_11_507	VSS	867.704	{89.75 867.454} {90.25 867.954}	shape	PATH_13_736554	M2	n138896	{89.7400 866.7640} {89.7960 878.2200}
90.0	PATH_11_507	VSS	867.704	{89.75 867.454} {90.25 867.954}	shape	PATH_13_1038207	M2	ZBUF_455_2509	{90.1960 863.4200} {90.2520 868.3400}
90.0	PATH_11_531	VSS	907.832	{89.75 907.582} {90.25 908.082}	shape	PATH_17_59393	M4	n138907	{90.1960 906.7400} {90.2520 912.2680}
90.0	PATH_11_531	VSS	907.832	{89.75 907.582} {90.25 908.082}	shape	PATH_19_94841	M5	ZBUF_880_3446	{89.2840 907.6520} {92.6840 907.7080}
90.0	PATH_11_531	VSS	907.832	{89.75 907.582} {90.25 908.082}	shape	PATH_15_167838	M3	n52304	{89.4360 907.9560} {93.5960 908.0120}
90.0	PATH_11_555	VSS	947.96	{89.75 947.71} {90.25 948.21}	shape	PATH_17_8590	M4	n31250	{89.8920 941.7000} {89.9480 954.5240}
90.0	PATH_11_555	VSS	947.96	{89.75 947.71} {90.25 948.21}	shape	PATH_21_18741	M6	ZBUF_643_2519	{89.8920 914.9480} {89.9480 961.2120}
90.0	PATH_11_555	VSS	947.96	{89.75 947.71} {90.25 948.21}	shape	PATH_19_27212	M5	n139965	{88.0680 947.7800} {92.0760 947.8360}
90.0	PATH_11_555	VSS	947.96	{89.75 947.71} {90.25 948.21}	shape	PATH_17_61416	M4	n139394	{90.1960 933.7960} {90.2520 950.5720}
90.0	PATH_11_555	VSS	947.96	{89.75 947.71} {90.25 948.21}	shape	PATH_13_314078	M2	n31291	{90.0440 944.4360} {90.1000 948.5960}
90.0	PATH_11_579	VSS	988.088	{89.75 987.838} {90.25 988.338}	shape	PATH_19_18486	M5	n132858	{74.6920 987.9080} {94.8120 987.9640}
90.0	PATH_11_579	VSS	988.088	{89.75 987.838} {90.25 988.338}	shape	PATH_15_174972	M3	n57301	{88.9800 987.9080} {90.8600 987.9640}
90.0	PATH_11_579	VSS	988.088	{89.75 987.838} {90.25 988.338}	shape	PATH_13_393865	M2	n57250	{89.8920 985.3240} {89.9480 993.1320}
90.0	PATH_11_579	VSS	988.088	{89.75 987.838} {90.25 988.338}	shape	PATH_15_523296	M3	ZBUF_144_1636	{90.1960 988.2120} {90.5560 988.2680}
90.0	PATH_11_579	VSS	988.088	{89.75 987.838} {90.25 988.338}	shape	PATH_13_980096	M2	ZBUF_144_1636	{90.1960 985.4760} {90.2520 988.2680}
90.0	PATH_11_579	VSS	988.088	{89.75 987.838} {90.25 988.338}	via	VIA_S_1652201	VIA23SQ_C	ZBUF_144_1636	{90.1690 988.1850} {90.2790 988.2950}
90.0	PATH_11_603	VSS	1028.216	{89.75 1027.966} {90.25 1028.466}	shape	PATH_17_17232	M4	n63286	{89.8920 1018.6120} {89.9480 1032.9560}
90.0	PATH_11_603	VSS	1028.216	{89.75 1027.966} {90.25 1028.466}	shape	PATH_15_183190	M3	n62930	{85.3320 1028.3400} {90.5560 1028.3960}
90.0	PATH_11_603	VSS	1028.216	{89.75 1027.966} {90.25 1028.466}	shape	PATH_13_939265	M2	ZBUF_249_1098	{90.1960 1027.4280} {90.2520 1029.0040}
100.0	PATH_11_483	VSS	827.576	{99.75 827.326} {100.25 827.826}	shape	PATH_19_62769	M5	ZBUF_989_92	{89.5880 827.3960} {106.3640 827.4520}
100.0	PATH_11_483	VSS	827.576	{99.75 827.326} {100.25 827.826}	shape	PATH_15_359316	M3	n138888	{99.6200 827.3960} {104.6920 827.4520}
110.0	PATH_11_483	VSS	827.576	{109.75 827.326} {110.25 827.826}	shape	PATH_21_1196	M6	n52417	{109.9560 827.3960} {110.0120 876.0920}
110.0	PATH_11_483	VSS	827.576	{109.75 827.326} {110.25 827.826}	shape	PATH_13_379033	M2	n52417	{109.8040 827.7000} {109.8600 828.5160}
110.0	PATH_11_483	VSS	827.576	{109.75 827.326} {110.25 827.826}	shape	PATH_15_466810	M3	ZBUF_13_120	{106.3080 827.3960} {117.7640 827.4520}
110.0	PATH_11_483	VSS	827.576	{109.75 827.326} {110.25 827.826}	shape	PATH_13_918533	M2	ZBUF_2_936	{109.9560 827.0920} {110.0120 828.0600}
110.0	PATH_11_483	VSS	827.576	{109.75 827.326} {110.25 827.826}	via	VIA_S_1571009	VIA45SQ_C	ZBUF_186_1090	{110.2330 827.3690} {110.3430 827.4790}
110.0	PATH_11_507	VSS	867.704	{109.75 867.454} {110.25 867.954}	shape	PATH_21_1196	M6	n52417	{109.9560 827.3960} {110.0120 876.0920}
110.0	PATH_11_507	VSS	867.704	{109.75 867.454} {110.25 867.954}	shape	PATH_19_70560	M5	ZBUF_32_1117	{104.1800 867.5240} {112.4440 867.5800}
110.0	PATH_11_507	VSS	867.704	{109.75 867.454} {110.25 867.954}	shape	PATH_15_678888	M3	ZBUF_961_3427	{109.9560 867.8280} {111.3800 867.8840}
110.0	PATH_11_507	VSS	867.704	{109.75 867.454} {110.25 867.954}	shape	PATH_13_935788	M2	ZBUF_246_1090	{109.8040 857.4920} {109.8600 873.9640}
110.0	PATH_11_507	VSS	867.704	{109.75 867.454} {110.25 867.954}	shape	PATH_13_1084701	M2	ZBUF_17_2774	{110.1080 863.7240} {110.1640 871.5320}
110.0	PATH_11_507	VSS	867.704	{109.75 867.454} {110.25 867.954}	shape	PATH_13_1227980	M2	ZBUF_961_3427	{109.9560 866.1560} {110.0120 867.8840}
110.0	PATH_11_531	VSS	907.832	{109.75 907.582} {110.25 908.082}	shape	PATH_21_10067	M6	ZBUF_360_70	{109.9560 904.0040} {110.0120 958.1720}
110.0	PATH_11_531	VSS	907.832	{109.75 907.582} {110.25 908.082}	shape	PATH_15_301333	M3	n133946	{109.6520 907.9560} {110.1640 908.0120}
110.0	PATH_11_531	VSS	907.832	{109.75 907.582} {110.25 908.082}	shape	PATH_15_582251	M3	ZBUF_1028_2750	{109.9560 907.6520} {115.7880 907.7080}
110.0	PATH_11_531	VSS	907.832	{109.75 907.582} {110.25 908.082}	shape	PATH_13_639284	M2	n133946	{110.1080 903.0920} {110.1640 908.0120}
110.0	PATH_11_531	VSS	907.832	{109.75 907.582} {110.25 908.082}	shape	PATH_13_1073143	M2	ZBUF_1028_2750	{109.9560 907.0440} {110.0120 907.7080}
110.0	PATH_11_555	VSS	947.96	{109.75 947.71} {110.25 948.21}	shape	PATH_21_10067	M6	ZBUF_360_70	{109.9560 904.0040} {110.0120 958.1720}
110.0	PATH_11_555	VSS	947.96	{109.75 947.71} {110.25 948.21}	shape	PATH_19_82771	M5	ZBUF_2_2719	{109.9560 947.7800} {112.4440 947.8360}
110.0	PATH_11_555	VSS	947.96	{109.75 947.71} {110.25 948.21}	shape	PATH_17_165529	M4	ZBUF_2_2719	{109.9540 947.5960} {110.0140 947.8380}
110.0	PATH_11_555	VSS	947.96	{109.75 947.71} {110.25 948.21}	shape	PATH_13_1070310	M2	ZBUF_2_2719	{109.8040 947.3240} {109.8600 947.8360}
110.0	PATH_11_555	VSS	947.96	{109.75 947.71} {110.25 948.21}	via	VIA_S_1011048	VIA23SQ_C	n133758	{110.2330 947.7530} {110.3430 947.8630}
110.0	PATH_11_579	VSS	988.088	{109.75 987.838} {110.25 988.338}	shape	PATH_19_20822	M5	n135469	{107.2200 987.9080} {112.4440 987.9640}
110.0	PATH_11_579	VSS	988.088	{109.75 987.838} {110.25 988.338}	shape	PATH_13_392693	M2	n56882	{110.1080 987.3000} {110.1640 988.7240}
110.0	PATH_11_603	VSS	1028.216	{109.75 1027.966} {110.25 1028.466}	shape	PATH_19_78003	M5	ZBUF_106_2055	{104.7880 1028.0360} {112.1400 1028.0920}
110.0	PATH_11_603	VSS	1028.216	{109.75 1027.966} {110.25 1028.466}	shape	PATH_15_184024	M3	n63296	{108.4360 1028.3400} {111.3800 1028.3960}
110.0	PATH_11_603	VSS	1028.216	{109.75 1027.966} {110.25 1028.466}	shape	PATH_15_500976	M3	ZBUF_292_1113	{109.3480 1028.0360} {109.8600 1028.0920}
110.0	PATH_11_603	VSS	1028.216	{109.75 1027.966} {110.25 1028.466}	shape	PATH_13_944501	M2	ZBUF_292_1113	{109.8040 1028.0360} {109.8600 1029.0040}
120.0	PATH_11_483	VSS	827.576	{119.75 827.326} {120.25 827.826}	shape	PATH_15_386585	M3	n142667	{112.5400 827.7000} {120.5000 827.7560}
120.0	PATH_11_483	VSS	827.576	{119.75 827.326} {120.25 827.826}	shape	PATH_15_627250	M3	ZBUF_187_3062	{119.3800 827.3960} {120.3480 827.4520}
120.0	PATH_11_507	VSS	867.704	{119.75 867.454} {120.25 867.954}	shape	PATH_19_62228	M5	ZBUF_295_74	{117.2520 867.5240} {129.4680 867.5800}
120.0	PATH_11_507	VSS	867.704	{119.75 867.454} {120.25 867.954}	shape	PATH_15_562183	M3	ZBUF_439_2524	{116.6440 867.8280} {124.9080 867.8840}
120.0	PATH_11_507	VSS	867.704	{119.75 867.454} {120.25 867.954}	shape	PATH_15_563918	M3	ZBUF_216_2530	{114.8200 867.5240} {123.3880 867.5800}
120.0	PATH_11_531	VSS	907.832	{119.75 907.582} {120.25 908.082}	shape	PATH_19_17011	M5	n131435	{117.5560 907.6520} {122.1720 907.7080}
120.0	PATH_11_531	VSS	907.832	{119.75 907.582} {120.25 908.082}	shape	PATH_15_147004	M3	n37476	{116.3400 907.9560} {121.8430 908.0120}
120.0	PATH_11_531	VSS	907.832	{119.75 907.582} {120.25 908.082}	shape	PATH_17_166861	M4	ZBUF_240_2758	{119.9880 905.5240} {120.0440 918.3480}
120.0	PATH_11_555	VSS	947.96	{119.75 947.71} {120.25 948.21}	shape	PATH_15_153802	M3	n42119	{118.3160 948.0840} {123.8440 948.1400}
120.0	PATH_11_555	VSS	947.96	{119.75 947.71} {120.25 948.21}	via	VIA_S_524944	VIA56SQ_C	n42048	{119.6570 947.7530} {119.7670 947.8630}
120.0	PATH_11_579	VSS	988.088	{119.75 987.838} {120.25 988.338}	shape	PATH_17_66498	M4	n142159	{119.9880 974.5320} {120.0440 1001.6440}
120.0	PATH_11_603	VSS	1028.216	{119.75 1027.966} {120.25 1028.466}	shape	PATH_19_6272	M5	n63179	{116.6440 1028.0360} {123.6920 1028.0920}
120.0	PATH_11_603	VSS	1028.216	{119.75 1027.966} {120.25 1028.466}	shape	PATH_15_183342	M3	n63015	{116.3400 1028.0360} {123.2360 1028.0920}
120.0	PATH_11_627	VSS	1068.344	{119.75 1068.094} {120.25 1068.594}	shape	PATH_15_130191	M3	n25168	{119.5320 1068.1640} {124.6040 1068.2200}
120.0	PATH_11_627	VSS	1068.344	{119.75 1068.094} {120.25 1068.594}	shape	PATH_15_590781	M3	ZBUF_795_2795	{116.0360 1068.4680} {129.6200 1068.5240}
130.0	PATH_11_483	VSS	827.576	{129.75 827.326} {130.25 827.826}	shape	PATH_17_10694	M4	n40162	{130.0200 815.5400} {130.0760 884.6040}
130.0	PATH_11_483	VSS	827.576	{129.75 827.326} {130.25 827.826}	shape	PATH_21_20355	M6	ZBUF_9_2770	{130.0200 761.1240} {130.0760 964.8600}
130.0	PATH_11_483	VSS	827.576	{129.75 827.326} {130.25 827.826}	shape	PATH_19_85696	M5	ZBUF_416_2923	{128.1960 827.3960} {136.1560 827.4520}
130.0	PATH_11_483	VSS	827.576	{129.75 827.326} {130.25 827.826}	shape	PATH_15_148089	M3	n38130	{121.6600 827.3960} {130.9880 827.4520}
130.0	PATH_11_483	VSS	827.576	{129.75 827.326} {130.25 827.826}	shape	PATH_15_492598	M3	ZBUF_577_1077	{120.9000 827.7000} {130.0760 827.7560}
130.0	PATH_11_483	VSS	827.576	{129.75 827.326} {130.25 827.826}	shape	PATH_15_492599	M3	ZBUF_577_1077	{130.0200 827.7000} {135.2440 827.7560}
130.0	PATH_11_483	VSS	827.576	{129.75 827.326} {130.25 827.826}	shape	PATH_13_882437	M2	ZBUF_2569_92	{129.8680 827.0920} {129.9240 827.4520}
130.0	PATH_11_483	VSS	827.576	{129.75 827.326} {130.25 827.826}	shape	PATH_13_929400	M2	ZBUF_1136_1064	{129.7160 805.5080} {129.7720 828.6680}
130.0	PATH_11_483	VSS	827.576	{129.75 827.326} {130.25 827.826}	shape	PATH_13_931384	M2	ZBUF_577_1077	{129.8680 827.7000} {129.9240 828.5160}
130.0	PATH_11_507	VSS	867.704	{129.75 867.454} {130.25 867.954}	shape	PATH_17_10694	M4	n40162	{130.0200 815.5400} {130.0760 884.6040}
130.0	PATH_11_507	VSS	867.704	{129.75 867.454} {130.25 867.954}	shape	PATH_21_20355	M6	ZBUF_9_2770	{130.0200 761.1240} {130.0760 964.8600}
130.0	PATH_11_507	VSS	867.704	{129.75 867.454} {130.25 867.954}	shape	PATH_17_166022	M4	ZBUF_5844_2751	{129.7160 866.0040} {129.7720 869.1000}
130.0	PATH_11_507	VSS	867.704	{129.75 867.454} {130.25 867.954}	shape	PATH_15_517466	M3	ZBUF_2303_1605	{125.1560 867.8280} {131.9000 867.8840}
130.0	PATH_11_507	VSS	867.704	{129.75 867.454} {130.25 867.954}	shape	PATH_15_563921	M3	ZBUF_216_2530	{124.5480 867.5240} {130.8360 867.5800}
130.0	PATH_11_531	VSS	907.832	{129.75 907.582} {130.25 908.082}	shape	PATH_21_20355	M6	ZBUF_9_2770	{130.0200 761.1240} {130.0760 964.8600}
130.0	PATH_11_531	VSS	907.832	{129.75 907.582} {130.25 908.082}	shape	PATH_19_90648	M5	ZBUF_267_3169	{125.4600 907.6520} {130.6840 907.7080}
130.0	PATH_11_531	VSS	907.832	{129.75 907.582} {130.25 908.082}	shape	PATH_17_132053	M4	ZBUF_904_113	{129.7160 903.7000} {129.7720 908.3160}
130.0	PATH_11_531	VSS	907.832	{129.75 907.582} {130.25 908.082}	shape	PATH_15_147187	M3	n37605	{126.9800 907.9560} {132.2040 908.0120}
130.0	PATH_11_531	VSS	907.832	{129.75 907.582} {130.25 908.082}	shape	PATH_15_147460	M3	n37749	{129.2600 907.6520} {130.5320 907.7080}
130.0	PATH_11_531	VSS	907.832	{129.75 907.582} {130.25 908.082}	shape	PATH_13_984394	M2	ZBUF_505_1650	{129.7160 907.0440} {129.7720 912.2680}
130.0	PATH_11_555	VSS	947.96	{129.75 947.71} {130.25 948.21}	shape	PATH_19_3835	M5	n42039	{122.7240 947.7800} {130.9880 947.8360}
130.0	PATH_11_555	VSS	947.96	{129.75 947.71} {130.25 948.21}	shape	PATH_21_20355	M6	ZBUF_9_2770	{130.0200 761.1240} {130.0760 964.8600}
130.0	PATH_11_555	VSS	947.96	{129.75 947.71} {130.25 948.21}	shape	PATH_17_61846	M4	n139602	{129.7160 940.1800} {129.7720 948.1400}
130.0	PATH_11_555	VSS	947.96	{129.75 947.71} {130.25 948.21}	shape	PATH_15_153948	M3	n42175	{129.1080 947.7800} {132.8120 947.8360}
130.0	PATH_11_555	VSS	947.96	{129.75 947.71} {130.25 948.21}	shape	PATH_13_346184	M2	n41837	{129.8680 945.0440} {129.9240 950.4200}
130.0	PATH_11_555	VSS	947.96	{129.75 947.71} {130.25 948.21}	shape	PATH_15_365650	M3	n139602	{129.7160 948.0840} {131.9000 948.1400}
130.0	PATH_11_555	VSS	947.96	{129.75 947.71} {130.25 948.21}	shape	PATH_13_918521	M2	ZBUF_53_935	{130.0200 942.0040} {130.0760 953.6120}
130.0	PATH_11_555	VSS	947.96	{129.75 947.71} {130.25 948.21}	via	VIA_S_1196918	VIA34SQ_C	n139602	{129.6890 948.0570} {129.7990 948.1670}
130.0	PATH_11_579	VSS	988.088	{129.75 987.838} {130.25 988.338}	shape	PATH_17_20737	M4	n76053	{130.0200 981.5240} {130.0760 1001.3400}
130.0	PATH_11_579	VSS	988.088	{129.75 987.838} {130.25 988.338}	shape	PATH_15_201612	M3	n75968	{127.5880 987.9080} {138.4360 987.9640}
130.0	PATH_11_579	VSS	988.088	{129.75 987.838} {130.25 988.338}	shape	PATH_15_201626	M3	n75980	{129.5640 988.2120} {134.4840 988.2680}
130.0	PATH_11_579	VSS	988.088	{129.75 987.838} {130.25 988.338}	shape	PATH_13_451026	M2	n75928	{129.8680 985.7800} {129.9240 990.3960}
130.0	PATH_11_579	VSS	988.088	{129.75 987.838} {130.25 988.338}	shape	PATH_13_743064	M2	n139290	{130.1720 985.7800} {130.2280 988.8760}
130.0	PATH_11_603	VSS	1028.216	{129.75 1027.966} {130.25 1028.466}	shape	PATH_21_13464	M6	ZBUF_26_1086	{130.0200 1005.5400} {130.0760 1100.4440}
130.0	PATH_11_603	VSS	1028.216	{129.75 1027.966} {130.25 1028.466}	shape	PATH_17_61660	M4	n139443	{129.7160 1014.0520} {129.7720 1028.0920}
130.0	PATH_11_603	VSS	1028.216	{129.75 1027.966} {130.25 1028.466}	shape	PATH_17_61662	M4	n139443	{129.7160 1028.0360} {129.7720 1030.5240}
130.0	PATH_11_603	VSS	1028.216	{129.75 1027.966} {130.25 1028.466}	shape	PATH_15_349509	M3	n137955	{130.0200 1028.3400} {131.1400 1028.3960}
130.0	PATH_11_603	VSS	1028.216	{129.75 1027.966} {130.25 1028.466}	shape	PATH_15_365095	M3	n139443	{129.5320 1028.0340} {129.7740 1028.0940}
130.0	PATH_11_603	VSS	1028.216	{129.75 1027.966} {130.25 1028.466}	shape	PATH_13_720302	M2	n137955	{130.0200 1027.4280} {130.0760 1028.3960}
130.0	PATH_11_603	VSS	1028.216	{129.75 1027.966} {130.25 1028.466}	shape	PATH_13_745372	M2	n139443	{129.7160 1027.4280} {129.7720 1028.0920}
130.0	PATH_11_603	VSS	1028.216	{129.75 1027.966} {130.25 1028.466}	shape	PATH_13_1044720	M2	ZBUF_909_2530	{129.8680 1027.7320} {129.9240 1030.6760}
130.0	PATH_11_603	VSS	1028.216	{129.75 1027.966} {130.25 1028.466}	via	VIA_S_1195092	VIA23SQ_C	n139443	{129.6890 1028.0090} {129.7990 1028.1190}
130.0	PATH_11_603	VSS	1028.216	{129.75 1027.966} {130.25 1028.466}	via	VIA_S_1195093	VIA34SQ_C	n139443	{129.6890 1028.0090} {129.7990 1028.1190}
130.0	PATH_11_627	VSS	1068.344	{129.75 1068.094} {130.25 1068.594}	shape	PATH_21_13464	M6	ZBUF_26_1086	{130.0200 1005.5400} {130.0760 1100.4440}
130.0	PATH_11_627	VSS	1068.344	{129.75 1068.094} {130.25 1068.594}	shape	PATH_17_57794	M4	n138353	{129.1080 1068.4680} {129.7720 1068.5240}
130.0	PATH_11_627	VSS	1068.344	{129.75 1068.094} {130.25 1068.594}	shape	PATH_15_130213	M3	n25175	{127.4360 1068.1640} {137.9800 1068.2200}
130.0	PATH_11_627	VSS	1068.344	{129.75 1068.094} {130.25 1068.594}	shape	PATH_17_160922	M4	ZBUF_1400_2530	{130.0200 1059.0440} {130.0760 1073.9960}
130.0	PATH_11_627	VSS	1068.344	{129.75 1068.094} {130.25 1068.594}	shape	PATH_13_293546	M2	n24611	{129.7160 1066.6440} {129.7720 1070.0440}
130.0	PATH_11_627	VSS	1068.344	{129.75 1068.094} {130.25 1068.594}	shape	PATH_13_295164	M2	n25132	{129.8680 1068.1640} {129.9240 1069.4360}
130.0	PATH_11_627	VSS	1068.344	{129.75 1068.094} {130.25 1068.594}	shape	PATH_15_354869	M3	n138353	{129.7160 1068.4680} {139.0440 1068.5240}
130.0	PATH_11_627	VSS	1068.344	{129.75 1068.094} {130.25 1068.594}	via	VIA_S_1164774	VIA34SQ_C	n138353	{129.6890 1068.4410} {129.7990 1068.5510}
150.0	PATH_11_483	VSS	827.576	{149.75 827.326} {150.25 827.826}	shape	PATH_21_23115	M6	ZBUF_52_3259	{150.0840 750.1800} {150.1400 834.7480}
150.0	PATH_11_483	VSS	827.576	{149.75 827.326} {150.25 827.826}	shape	PATH_17_129108	M4	ZBUF_27_74	{150.0840 824.3560} {150.1400 839.0040}
150.0	PATH_11_483	VSS	827.576	{149.75 827.326} {150.25 827.826}	shape	PATH_13_1008344	M2	ZBUF_2938_2025	{149.9320 826.3320} {149.9880 831.4040}
150.0	PATH_11_507	VSS	867.704	{149.75 867.454} {150.25 867.954}	shape	PATH_21_6619	M6	n137721	{150.0840 838.3400} {150.1400 995.8680}
150.0	PATH_11_507	VSS	867.704	{149.75 867.454} {150.25 867.954}	shape	PATH_19_7892	M5	n76352	{141.8760 867.5240} {178.4120 867.5800}
150.0	PATH_11_507	VSS	867.704	{149.75 867.454} {150.25 867.954}	shape	PATH_17_44722	M4	n132907	{149.7800 851.7160} {149.8360 873.0520}
150.0	PATH_11_507	VSS	867.704	{149.75 867.454} {150.25 867.954}	shape	PATH_13_321315	M2	n33700	{149.7800 865.2440} {149.8360 869.4040}
150.0	PATH_11_507	VSS	867.704	{149.75 867.454} {150.25 867.954}	shape	PATH_15_322039	M3	n135552	{149.4760 867.5240} {149.9880 867.5800}
150.0	PATH_11_507	VSS	867.704	{149.75 867.454} {150.25 867.954}	shape	PATH_13_674740	M2	n135552	{149.9320 867.5240} {149.9880 872.4440}
150.0	PATH_11_531	VSS	907.832	{149.75 907.582} {150.25 908.082}	shape	PATH_21_6619	M6	n137721	{150.0840 838.3400} {150.1400 995.8680}
150.0	PATH_11_531	VSS	907.832	{149.75 907.582} {150.25 908.082}	shape	PATH_17_9950	M4	n37565	{149.7800 903.7000} {149.8360 910.4440}
150.0	PATH_11_531	VSS	907.832	{149.75 907.582} {150.25 908.082}	shape	PATH_17_10007	M4	n37687	{150.0840 897.6200} {150.1400 910.1400}
150.0	PATH_11_531	VSS	907.832	{149.75 907.582} {150.25 908.082}	shape	PATH_19_80276	M5	ZBUF_172_2528	{146.1320 907.6520} {153.7880 907.7080}
150.0	PATH_11_531	VSS	907.832	{149.75 907.582} {150.25 908.082}	shape	PATH_15_147256	M3	n37649	{149.6280 907.9560} {150.5960 908.0120}
150.0	PATH_11_531	VSS	907.832	{149.75 907.582} {150.25 908.082}	shape	PATH_13_333633	M2	n37776	{150.0840 907.3480} {150.1400 909.8360}
150.0	PATH_11_531	VSS	907.832	{149.75 907.582} {150.25 908.082}	shape	PATH_13_346762	M2	n42003	{150.2360 903.2440} {150.2920 919.2600}
150.0	PATH_11_531	VSS	907.832	{149.75 907.582} {150.25 908.082}	shape	PATH_15_619329	M3	ZBUF_643_3010	{149.4760 907.6520} {150.4440 907.7080}
150.0	PATH_11_531	VSS	907.832	{149.75 907.582} {150.25 908.082}	shape	PATH_13_889622	M2	ZBUF_904_113	{149.7800 907.0440} {149.8360 917.2840}
150.0	PATH_11_531	VSS	907.832	{149.75 907.582} {150.25 908.082}	shape	PATH_13_1009085	M2	ZBUF_96_2027	{149.9320 907.3480} {149.9880 927.3160}
150.0	PATH_11_555	VSS	947.96	{149.75 947.71} {150.25 948.21}	shape	PATH_21_6619	M6	n137721	{150.0840 838.3400} {150.1400 995.8680}
150.0	PATH_11_555	VSS	947.96	{149.75 947.71} {150.25 948.21}	shape	PATH_19_90762	M5	ZBUF_360_3175	{142.1800 947.7800} {154.3960 947.8360}
150.0	PATH_11_555	VSS	947.96	{149.75 947.71} {150.25 948.21}	shape	PATH_17_146481	M4	ZBUF_310_1597	{150.0840 941.0920} {150.1400 950.8760}
150.0	PATH_11_555	VSS	947.96	{149.75 947.71} {150.25 948.21}	shape	PATH_13_347292	M2	n42111	{150.2360 943.5240} {150.2920 948.7480}
150.0	PATH_11_555	VSS	947.96	{149.75 947.71} {150.25 948.21}	shape	PATH_15_370513	M3	n140234	{148.2600 947.7800} {150.4440 947.8360}
150.0	PATH_11_579	VSS	988.088	{149.75 987.838} {150.25 988.338}	shape	PATH_21_6619	M6	n137721	{150.0840 838.3400} {150.1400 995.8680}
150.0	PATH_11_579	VSS	988.088	{149.75 987.838} {150.25 988.338}	shape	PATH_19_17131	M5	n131473	{144.3080 987.9080} {168.9880 987.9640}
150.0	PATH_11_579	VSS	988.088	{149.75 987.838} {150.25 988.338}	shape	PATH_17_180089	M4	ZBUF_1991_3116	{150.0840 964.5000} {150.1400 999.8200}
150.0	PATH_11_579	VSS	988.088	{149.75 987.838} {150.25 988.338}	shape	PATH_15_201505	M3	n75895	{149.6280 988.2120} {157.2840 988.2680}
150.0	PATH_11_579	VSS	988.088	{149.75 987.838} {150.25 988.338}	shape	PATH_13_450757	M2	n75838	{149.9320 983.8040} {149.9880 988.1160}
150.0	PATH_11_579	VSS	988.088	{149.75 987.838} {150.25 988.338}	shape	PATH_13_450759	M2	n75838	{149.7800 988.0600} {149.8360 989.1800}
150.0	PATH_11_579	VSS	988.088	{149.75 987.838} {150.25 988.338}	shape	PATH_15_615655	M3	ZBUF_786_3002	{149.0200 987.9080} {156.0680 987.9640}
150.0	PATH_11_579	VSS	988.088	{149.75 987.838} {150.25 988.338}	shape	PATH_13_890216	M2	ZBUF_429_120	{150.0840 985.7800} {150.1400 992.0680}
150.0	PATH_11_579	VSS	988.088	{149.75 987.838} {150.25 988.338}	shape	PATH_13_1125240	M2	ZBUF_1098_3001	{150.2360 984.2600} {150.2920 995.2600}
150.0	PATH_11_603	VSS	1028.216	{149.75 1027.966} {150.25 1028.466}	shape	PATH_21_540	M6	n24672	{150.0840 1028.0360} {150.1400 1034.1720}
150.0	PATH_11_603	VSS	1028.216	{149.75 1027.966} {150.25 1028.466}	shape	PATH_19_2184	M5	n24672	{150.0840 1028.0360} {178.4120 1028.0920}
150.0	PATH_11_603	VSS	1028.216	{149.75 1027.966} {150.25 1028.466}	shape	PATH_15_129901	M3	n25027	{148.5640 1028.3400} {150.9000 1028.3960}
150.0	PATH_11_603	VSS	1028.216	{149.75 1027.966} {150.25 1028.466}	shape	PATH_13_294404	M2	n24904	{150.2360 1027.2760} {150.2920 1036.3000}
150.0	PATH_11_603	VSS	1028.216	{149.75 1027.966} {150.25 1028.466}	shape	PATH_15_361980	M3	n139189	{147.0440 1028.0360} {153.0280 1028.0920}
150.0	PATH_11_603	VSS	1028.216	{149.75 1027.966} {150.25 1028.466}	shape	PATH_13_716979	M2	n137794	{149.7800 1023.0200} {149.8360 1030.8280}
150.0	PATH_11_627	VSS	1068.344	{149.75 1068.094} {150.25 1068.594}	shape	PATH_17_14032	M4	n52948	{149.7800 1064.2120} {149.8360 1073.3880}
150.0	PATH_11_627	VSS	1068.344	{149.75 1068.094} {150.25 1068.594}	shape	PATH_19_25898	M5	n139106	{142.1800 1068.1640} {150.1400 1068.2200}
150.0	PATH_11_627	VSS	1068.344	{149.75 1068.094} {150.25 1068.594}	shape	PATH_17_60034	M4	n139106	{150.0840 1067.2520} {150.1400 1068.2200}
150.0	PATH_11_627	VSS	1068.344	{149.75 1068.094} {150.25 1068.594}	shape	PATH_15_563483	M3	ZBUF_391_2530	{148.5640 1068.1640} {150.9000 1068.2200}
150.0	PATH_11_627	VSS	1068.344	{149.75 1068.094} {150.25 1068.594}	shape	PATH_13_729993	M2	n138385	{149.9320 1061.7800} {149.9880 1070.0440}
160.0	PATH_11_483	VSS	827.576	{159.75 827.326} {160.25 827.826}	shape	PATH_15_148517	M3	n38398	{158.7480 827.3960} {160.4760 827.4520}
160.0	PATH_11_483	VSS	827.576	{159.75 827.326} {160.25 827.826}	shape	PATH_15_370648	M3	n140244	{159.2040 827.7000} {160.4760 827.7560}
160.0	PATH_11_507	VSS	867.704	{159.75 867.454} {160.25 867.954}	shape	PATH_21_4663	M6	n132845	{159.8120 855.3640} {159.8680 876.7000}
160.0	PATH_11_507	VSS	867.704	{159.75 867.454} {160.25 867.954}	shape	PATH_19_7892	M5	n76352	{141.8760 867.5240} {178.4120 867.5800}
160.0	PATH_11_507	VSS	867.704	{159.75 867.454} {160.25 867.954}	shape	PATH_17_52436	M4	n136864	{159.8120 857.1880} {159.8680 870.6200}
160.0	PATH_11_507	VSS	867.704	{159.75 867.454} {160.25 867.954}	shape	PATH_15_146517	M3	n37201	{158.9000 867.5240} {163.5160 867.5800}
160.0	PATH_11_531	VSS	907.832	{159.75 907.582} {160.25 908.082}	shape	PATH_17_9926	M4	n37490	{159.8120 894.2760} {159.8680 914.3960}
160.0	PATH_11_531	VSS	907.832	{159.75 907.582} {160.25 908.082}	shape	PATH_19_69340	M5	ZBUF_340_1090	{157.3800 907.6520} {162.3000 907.7080}
160.0	PATH_11_531	VSS	907.832	{159.75 907.582} {160.25 908.082}	shape	PATH_15_603495	M3	ZBUF_2158_2931	{159.2040 907.9560} {161.3880 908.0120}
160.0	PATH_11_555	VSS	947.96	{159.75 947.71} {160.25 948.21}	shape	PATH_21_6784	M6	n137866	{159.8120 942.3080} {159.8680 958.7800}
160.0	PATH_11_555	VSS	947.96	{159.75 947.71} {160.25 948.21}	shape	PATH_17_61083	M4	n139295	{159.8120 942.6120} {159.8680 958.7800}
160.0	PATH_11_555	VSS	947.96	{159.75 947.71} {160.25 948.21}	shape	PATH_19_88032	M5	ZBUF_2_3021	{155.8600 947.7800} {163.5160 947.8360}
160.0	PATH_11_555	VSS	947.96	{159.75 947.71} {160.25 948.21}	shape	PATH_15_139091	M3	n31423	{159.3560 948.0840} {163.2120 948.1400}
160.0	PATH_11_555	VSS	947.96	{159.75 947.71} {160.25 948.21}	shape	PATH_17_139255	M4	ZBUF_9_1065	{160.1160 942.3080} {160.1720 949.6600}
160.0	PATH_11_579	VSS	988.088	{159.75 987.838} {160.25 988.338}	shape	PATH_19_17131	M5	n131473	{144.3080 987.9080} {168.9880 987.9640}
160.0	PATH_11_579	VSS	988.088	{159.75 987.838} {160.25 988.338}	shape	PATH_17_174931	M4	ZBUF_1103_3001	{159.8120 986.3880} {159.8680 987.9640}
160.0	PATH_11_579	VSS	988.088	{159.75 987.838} {160.25 988.338}	shape	PATH_17_174932	M4	ZBUF_1103_3001	{159.8120 987.9080} {159.8680 995.2600}
160.0	PATH_11_579	VSS	988.088	{159.75 987.838} {160.25 988.338}	shape	PATH_15_615339	M3	ZBUF_1103_3001	{159.5080 987.9080} {159.8680 987.9640}
160.0	PATH_11_603	VSS	1028.216	{159.75 1027.966} {160.25 1028.466}	shape	PATH_19_2184	M5	n24672	{150.0840 1028.0360} {178.4120 1028.0920}
160.0	PATH_11_603	VSS	1028.216	{159.75 1027.966} {160.25 1028.466}	shape	PATH_17_56695	M4	n138111	{160.1160 1028.0360} {160.1720 1034.4760}
160.0	PATH_11_603	VSS	1028.216	{159.75 1027.966} {160.25 1028.466}	shape	PATH_17_143184	M4	ZBUF_558_1116	{159.8120 1012.5320} {159.8680 1037.8200}
160.0	PATH_11_603	VSS	1028.216	{159.75 1027.966} {160.25 1028.466}	shape	PATH_15_351609	M3	n138111	{159.0520 1028.0360} {160.1720 1028.0920}
160.0	PATH_11_603	VSS	1028.216	{159.75 1027.966} {160.25 1028.466}	shape	PATH_15_354508	M3	n138332	{156.7720 1028.3400} {160.7800 1028.3960}
160.0	PATH_11_627	VSS	1068.344	{159.75 1068.094} {160.25 1068.594}	shape	PATH_19_4981	M5	n52988	{151.9080 1068.1640} {162.6040 1068.2200}
160.0	PATH_11_627	VSS	1068.344	{159.75 1068.094} {160.25 1068.594}	shape	PATH_17_154289	M4	ZBUF_1852_2028	{160.1160 1062.3880} {160.1720 1071.2600}
160.0	PATH_11_627	VSS	1068.344	{159.75 1068.094} {160.25 1068.594}	shape	PATH_17_171113	M4	ZBUF_1009_2923	{159.8120 1065.1240} {159.8680 1073.6920}
170.0	PATH_11_483	VSS	827.576	{169.75 827.326} {170.25 827.826}	shape	PATH_19_3529	M5	n38437	{167.1080 827.3960} {177.1960 827.4520}
170.0	PATH_11_483	VSS	827.576	{169.75 827.326} {170.25 827.826}	shape	PATH_17_43868	M4	n132734	{169.8440 823.1400} {169.9000 877.0040}
170.0	PATH_11_483	VSS	827.576	{169.75 827.326} {170.25 827.826}	shape	PATH_15_559974	M3	ZBUF_2_2491	{162.0920 827.3960} {182.6680 827.4520}
170.0	PATH_11_483	VSS	827.576	{169.75 827.326} {170.25 827.826}	shape	PATH_13_1013558	M2	ZBUF_84_2035	{169.9960 826.7880} {170.0520 829.1240}
170.0	PATH_11_483	VSS	827.576	{169.75 827.326} {170.25 827.826}	shape	PATH_13_1148824	M2	ZBUF_195_3072	{169.8440 826.4840} {169.9000 831.7080}
170.0	PATH_11_507	VSS	867.704	{169.75 867.454} {170.25 867.954}	shape	PATH_19_7892	M5	n76352	{141.8760 867.5240} {178.4120 867.5800}
170.0	PATH_11_507	VSS	867.704	{169.75 867.454} {170.25 867.954}	shape	PATH_17_43868	M4	n132734	{169.8440 823.1400} {169.9000 877.0040}
170.0	PATH_11_507	VSS	867.704	{169.75 867.454} {170.25 867.954}	shape	PATH_17_67460	M4	n142747	{170.1480 854.1480} {170.2040 870.6200}
170.0	PATH_11_507	VSS	867.704	{169.75 867.454} {170.25 867.954}	shape	PATH_15_471178	M3	ZBUF_239_146	{169.2360 867.8280} {171.1160 867.8840}
170.0	PATH_11_507	VSS	867.704	{169.75 867.454} {170.25 867.954}	shape	PATH_15_587554	M3	ZBUF_68_2766	{168.0200 867.5240} {179.0200 867.5800}
170.0	PATH_11_531	VSS	907.832	{169.75 907.582} {170.25 908.082}	shape	PATH_17_178778	M4	ZBUF_2_3076	{169.8440 885.4600} {169.9000 911.3560}
170.0	PATH_11_531	VSS	907.832	{169.75 907.582} {170.25 908.082}	shape	PATH_15_365696	M3	n139603	{168.4760 907.9560} {173.2440 908.0120}
170.0	PATH_11_531	VSS	907.832	{169.75 907.582} {170.25 908.082}	shape	PATH_15_462198	M3	ZBUF_1140_95	{166.9560 907.6520} {178.8680 907.7080}
170.0	PATH_11_555	VSS	947.96	{169.75 947.71} {170.25 948.21}	shape	PATH_15_139329	M3	n31622	{163.1560 947.7800} {170.9640 947.8360}
170.0	PATH_11_555	VSS	947.96	{169.75 947.71} {170.25 948.21}	shape	PATH_17_140392	M4	ZBUF_916_1082	{169.8440 922.5480} {169.9000 1013.8040}
170.0	PATH_11_555	VSS	947.96	{169.75 947.71} {170.25 948.21}	shape	PATH_17_185211	M4	ZBUF_66_3317	{170.1480 924.9800} {170.2040 1009.8520}
170.0	PATH_11_555	VSS	947.96	{169.75 947.71} {170.25 948.21}	shape	PATH_13_315405	M2	n31699	{169.9960 947.7800} {170.0520 954.5240}
170.0	PATH_11_555	VSS	947.96	{169.75 947.71} {170.25 948.21}	shape	PATH_13_907807	M2	ZBUF_288_342	{169.8440 937.7480} {169.9000 956.9560}
170.0	PATH_11_579	VSS	988.088	{169.75 987.838} {170.25 988.338}	shape	PATH_17_140392	M4	ZBUF_916_1082	{169.8440 922.5480} {169.9000 1013.8040}
170.0	PATH_11_579	VSS	988.088	{169.75 987.838} {170.25 988.338}	shape	PATH_17_185211	M4	ZBUF_66_3317	{170.1480 924.9800} {170.2040 1009.8520}
170.0	PATH_11_579	VSS	988.088	{169.75 987.838} {170.25 988.338}	shape	PATH_15_563571	M3	ZBUF_2198_2530	{165.5880 988.2120} {170.3560 988.2680}
170.0	PATH_11_579	VSS	988.088	{169.75 987.838} {170.25 988.338}	shape	PATH_15_617319	M3	ZBUF_178_3004	{167.1080 987.9080} {171.1160 987.9640}
170.0	PATH_11_579	VSS	988.088	{169.75 987.838} {170.25 988.338}	shape	PATH_13_717680	M2	n137833	{170.1480 986.3880} {170.2040 988.8510}
170.0	PATH_11_579	VSS	988.088	{169.75 987.838} {170.25 988.338}	shape	PATH_13_882250	M2	ZBUF_1235_92	{169.8440 984.2600} {169.9000 989.7880}
170.0	PATH_11_603	VSS	1028.216	{169.75 1027.966} {170.25 1028.466}	shape	PATH_19_2184	M5	n24672	{150.0840 1028.0360} {178.4120 1028.0920}
170.0	PATH_11_603	VSS	1028.216	{169.75 1027.966} {170.25 1028.466}	shape	PATH_21_11021	M6	ZBUF_527_120	{170.1480 1018.3080} {170.2040 1030.5240}
170.0	PATH_11_603	VSS	1028.216	{169.75 1027.966} {170.25 1028.466}	shape	PATH_17_60573	M4	n139211	{169.8440 1028.0360} {169.9000 1031.7400}
170.0	PATH_11_603	VSS	1028.216	{169.75 1027.966} {170.25 1028.466}	shape	PATH_15_355248	M3	n138374	{169.9960 1028.3400} {173.5480 1028.3960}
170.0	PATH_11_603	VSS	1028.216	{169.75 1027.966} {170.25 1028.466}	shape	PATH_15_362465	M3	n139211	{165.5880 1028.0360} {169.9000 1028.0920}
170.0	PATH_11_603	VSS	1028.216	{169.75 1027.966} {170.25 1028.466}	shape	PATH_13_447592	M2	n74678	{170.1480 1024.3880} {170.2040 1029.3080}
170.0	PATH_11_603	VSS	1028.216	{169.75 1027.966} {170.25 1028.466}	shape	PATH_13_729744	M2	n138374	{169.9960 1024.9960} {170.0520 1028.3960}
170.0	PATH_11_603	VSS	1028.216	{169.75 1027.966} {170.25 1028.466}	shape	PATH_13_1074347	M2	ZBUF_1076_2753	{169.8440 1025.4520} {169.9000 1030.5240}
170.0	PATH_11_627	VSS	1068.344	{169.75 1068.094} {170.25 1068.594}	shape	PATH_17_184855	M4	ZBUF_5_3296	{170.1480 1064.2120} {170.2040 1082.5080}
170.0	PATH_11_627	VSS	1068.344	{169.75 1068.094} {170.25 1068.594}	shape	PATH_15_471966	M3	ZBUF_292_151	{164.6760 1068.1640} {174.4600 1068.2200}
170.0	PATH_11_627	VSS	1068.344	{169.75 1068.094} {170.25 1068.594}	shape	PATH_13_898020	M2	ZBUF_173_151	{170.1480 1066.0360} {170.2040 1070.9560}
180.0	PATH_11_483	VSS	827.576	{179.75 827.326} {180.25 827.826}	shape	PATH_19_17246	M5	n131494	{177.7480 827.3960} {196.9560 827.4520}
180.0	PATH_11_483	VSS	827.576	{179.75 827.326} {180.25 827.826}	shape	PATH_15_559974	M3	ZBUF_2_2491	{162.0920 827.3960} {182.6680 827.4520}
190.0	PATH_11_483	VSS	827.576	{189.75 827.326} {190.25 827.826}	shape	PATH_19_17246	M5	n131494	{177.7480 827.3960} {196.9560 827.4520}
190.0	PATH_11_483	VSS	827.576	{189.75 827.326} {190.25 827.826}	shape	PATH_17_129187	M4	ZBUF_520_77	{189.9080 824.6600} {189.9640 846.9080}
190.0	PATH_11_483	VSS	827.576	{189.75 827.326} {190.25 827.826}	shape	PATH_15_516896	M3	ZBUF_384_1601	{189.1480 827.7000} {190.2680 827.7560}
190.0	PATH_11_483	VSS	827.576	{189.75 827.326} {190.25 827.826}	shape	PATH_15_598892	M3	ZBUF_125_2916	{189.6040 827.3960} {190.1160 827.4520}
190.0	PATH_11_483	VSS	827.576	{189.75 827.326} {190.25 827.826}	shape	PATH_13_970042	M2	ZBUF_384_1601	{190.2120 827.7000} {190.2680 830.1880}
190.0	PATH_11_483	VSS	827.576	{189.75 827.326} {190.25 827.826}	shape	PATH_13_970043	M2	ZBUF_384_1601	{190.2120 827.7000} {190.4200 827.7560}
190.0	PATH_11_483	VSS	827.576	{189.75 827.326} {190.25 827.826}	shape	PATH_13_1041442	M2	ZBUF_24_2520	{189.7560 826.3320} {189.8120 837.1800}
190.0	PATH_11_483	VSS	827.576	{189.75 827.326} {190.25 827.826}	shape	PATH_13_1099481	M2	ZBUF_125_2916	{190.0600 826.7880} {190.1160 827.4520}
190.0	PATH_11_483	VSS	827.576	{189.75 827.326} {190.25 827.826}	via	VIA_S_1633156	VIA23SQ_C	ZBUF_384_1601	{190.1850 827.6730} {190.2950 827.7830}
190.0	PATH_11_507	VSS	867.704	{189.75 867.454} {190.25 867.954}	shape	PATH_17_11875	M4	n44574	{190.2100 867.9480} {190.2700 868.1900}
190.0	PATH_11_507	VSS	867.704	{189.75 867.454} {190.25 867.954}	shape	PATH_19_92373	M5	ZBUF_27_3334	{183.8280 867.5240} {208.5080 867.5800}
190.0	PATH_11_507	VSS	867.704	{189.75 867.454} {190.25 867.954}	shape	PATH_17_184339	M4	ZBUF_2_3273	{189.9080 857.7960} {189.9640 883.3880}
190.0	PATH_11_507	VSS	867.704	{189.75 867.454} {190.25 867.954}	shape	PATH_13_332132	M2	n37366	{190.0600 865.3960} {190.1160 869.5560}
190.0	PATH_11_507	VSS	867.704	{189.75 867.454} {190.25 867.954}	shape	PATH_15_459390	M3	ZBUF_605_77	{189.3000 867.5240} {196.9560 867.5800}
190.0	PATH_11_507	VSS	867.704	{189.75 867.454} {190.25 867.954}	shape	PATH_15_568120	M3	ZBUF_429_2542	{189.6040 867.8280} {190.2680 867.8840}
190.0	PATH_11_507	VSS	867.704	{189.75 867.454} {190.25 867.954}	shape	PATH_13_970102	M2	ZBUF_796_1601	{189.7560 865.2440} {189.8120 877.0040}
190.0	PATH_11_507	VSS	867.704	{189.75 867.454} {190.25 867.954}	shape	PATH_13_973204	M2	ZBUF_5_1611	{189.9080 867.2200} {189.9640 871.6840}
190.0	PATH_11_507	VSS	867.704	{189.75 867.454} {190.25 867.954}	shape	PATH_13_1051226	M2	ZBUF_429_2542	{190.2120 867.8280} {190.2680 868.3400}
190.0	PATH_11_507	VSS	867.704	{189.75 867.454} {190.25 867.954}	via	VIA_S_1783195	VIA23SQ_C	ZBUF_429_2542	{190.1850 867.8010} {190.2950 867.9110}
190.0	PATH_11_531	VSS	907.832	{189.75 907.582} {190.25 908.082}	shape	PATH_19_90448	M5	ZBUF_28_3163	{181.3960 907.6520} {190.8760 907.7080}
190.0	PATH_11_531	VSS	907.832	{189.75 907.582} {190.25 908.082}	shape	PATH_17_129297	M4	ZBUF_515_80	{190.2120 903.3960} {190.2680 930.2040}
190.0	PATH_11_531	VSS	907.832	{189.75 907.582} {190.25 908.082}	shape	PATH_15_290920	M3	n132709	{183.2200 907.9560} {195.4360 908.0120}
190.0	PATH_11_531	VSS	907.832	{189.75 907.582} {190.25 908.082}	shape	PATH_15_333697	M3	n136403	{189.6040 907.6520} {196.6520 907.7080}
190.0	PATH_11_531	VSS	907.832	{189.75 907.582} {190.25 908.082}	shape	PATH_13_1227767	M2	ZBUF_653_3426	{190.0600 891.9960} {190.1160 911.3560}
190.0	PATH_11_531	VSS	907.832	{189.75 907.582} {190.25 908.082}	shape	PATH_13_1252437	M2	ZBUF_4805_3473	{189.9080 895.0360} {189.9640 911.0520}
190.0	PATH_11_555	VSS	947.96	{189.75 947.71} {190.25 948.21}	shape	PATH_21_7064	M6	n138172	{190.2120 945.9560} {190.2680 952.7000}
190.0	PATH_11_555	VSS	947.96	{189.75 947.71} {190.25 948.21}	shape	PATH_19_80358	M5	ZBUF_194_2529	{189.9080 947.7800} {207.2920 947.8360}
190.0	PATH_11_555	VSS	947.96	{189.75 947.71} {190.25 948.21}	shape	PATH_15_139425	M3	n31691	{189.9080 947.7800} {191.1800 947.8360}
190.0	PATH_11_555	VSS	947.96	{189.75 947.71} {190.25 948.21}	shape	PATH_17_160816	M4	ZBUF_194_2529	{189.9080 947.7800} {189.9640 948.7480}
190.0	PATH_11_555	VSS	947.96	{189.75 947.71} {190.25 948.21}	shape	PATH_17_162500	M4	ZBUF_94_2545	{190.2120 940.1800} {190.2680 949.9640}
190.0	PATH_11_555	VSS	947.96	{189.75 947.71} {190.25 948.21}	shape	PATH_13_315370	M2	n31691	{189.9080 947.1720} {189.9640 947.8360}
190.0	PATH_11_555	VSS	947.96	{189.75 947.71} {190.25 948.21}	shape	PATH_15_382745	M3	n141986	{181.0920 948.0840} {203.3400 948.1400}
190.0	PATH_11_555	VSS	947.96	{189.75 947.71} {190.25 948.21}	shape	PATH_13_719194	M2	n137904	{189.9080 947.9320} {189.9640 948.7480}
190.0	PATH_11_555	VSS	947.96	{189.75 947.71} {190.25 948.21}	shape	PATH_13_719195	M2	n137904	{189.9080 947.9320} {190.2680 947.9880}
190.0	PATH_11_555	VSS	947.96	{189.75 947.71} {190.25 948.21}	shape	PATH_13_719196	M2	n137904	{190.2120 943.9800} {190.2680 947.9880}
190.0	PATH_11_579	VSS	988.088	{189.75 987.838} {190.25 988.338}	shape	PATH_17_135743	M4	ZBUF_2_439	{189.9080 985.7800} {189.9640 1005.5960}
190.0	PATH_11_579	VSS	988.088	{189.75 987.838} {190.25 988.338}	shape	PATH_17_168601	M4	ZBUF_708_2813	{190.2120 975.1400} {190.2680 1009.8520}
190.0	PATH_11_579	VSS	988.088	{189.75 987.838} {190.25 988.338}	shape	PATH_15_199721	M3	n74453	{189.9080 987.9080} {191.1800 987.9640}
190.0	PATH_11_579	VSS	988.088	{189.75 987.838} {190.25 988.338}	shape	PATH_13_446853	M2	n74453	{189.9080 987.3000} {189.9640 987.9640}
190.0	PATH_11_579	VSS	988.088	{189.75 987.838} {190.25 988.338}	shape	PATH_15_531697	M3	ZBUF_104_1725	{182.0040 988.2120} {216.1080 988.2680}
190.0	PATH_11_579	VSS	988.088	{189.75 987.838} {190.25 988.338}	shape	PATH_13_1043213	M2	ZBUF_429_2529	{190.0600 987.3000} {190.1160 988.7240}
190.0	PATH_11_603	VSS	1028.216	{189.75 1027.966} {190.25 1028.466}	shape	PATH_19_2212	M5	n24878	{180.4840 1028.0360} {195.7400 1028.0920}
190.0	PATH_11_603	VSS	1028.216	{189.75 1027.966} {190.25 1028.466}	shape	PATH_17_71715	M4	HFSNET_1144	{190.2120 1011.6200} {190.2680 1036.6040}
190.0	PATH_11_603	VSS	1028.216	{189.75 1027.966} {190.25 1028.466}	shape	PATH_15_351334	M3	n138090	{181.0920 1028.3400} {195.4360 1028.3960}
190.0	PATH_11_603	VSS	1028.216	{189.75 1027.966} {190.25 1028.466}	shape	PATH_15_500981	M3	ZBUF_201_1113	{183.9800 1028.0360} {191.9400 1028.0920}
190.0	PATH_11_603	VSS	1028.216	{189.75 1027.966} {190.25 1028.466}	shape	PATH_13_897731	M2	ZBUF_171_151	{189.7560 1024.3880} {189.8120 1040.4040}
190.0	PATH_11_603	VSS	1028.216	{189.75 1027.966} {190.25 1028.466}	shape	PATH_13_1107201	M2	ZBUF_13_2933	{190.0600 1026.2120} {190.1160 1056.6680}
190.0	PATH_11_627	VSS	1068.344	{189.75 1068.094} {190.25 1068.594}	shape	PATH_17_14195	M4	n53323	{189.9080 1068.4680} {189.9640 1069.4360}
190.0	PATH_11_627	VSS	1068.344	{189.75 1068.094} {190.25 1068.594}	shape	PATH_19_91690	M5	ZBUF_955_3255	{188.9960 1068.1640} {191.1800 1068.2200}
190.0	PATH_11_627	VSS	1068.344	{189.75 1068.094} {190.25 1068.594}	shape	PATH_17_141979	M4	ZBUF_1324_1101	{190.2120 1056.9160} {190.2680 1083.4200}
190.0	PATH_11_627	VSS	1068.344	{189.75 1068.094} {190.25 1068.594}	shape	PATH_15_169080	M3	n53122	{189.6040 1068.1640} {190.2680 1068.2200}
190.0	PATH_11_627	VSS	1068.344	{189.75 1068.094} {190.25 1068.594}	shape	PATH_15_169457	M3	n53323	{187.6280 1068.4680} {189.9640 1068.5240}
190.0	PATH_11_627	VSS	1068.344	{189.75 1068.094} {190.25 1068.594}	shape	PATH_13_381345	M2	n53122	{190.2120 1068.1640} {190.2680 1079.1640}
190.0	PATH_11_627	VSS	1068.344	{189.75 1068.094} {190.25 1068.594}	shape	PATH_13_382036	M2	n53322	{190.0600 1066.3400} {190.1160 1070.1960}
190.0	PATH_11_627	VSS	1068.344	{189.75 1068.094} {190.25 1068.594}	shape	PATH_13_908807	M2	ZBUF_749_521	{189.9080 1067.5560} {189.9640 1078.5560}
190.0	PATH_11_627	VSS	1068.344	{189.75 1068.094} {190.25 1068.594}	via	VIA_S_580246	VIA23SQ_C	n53122	{190.1850 1068.1370} {190.2950 1068.2470}
200.0	PATH_11_483	VSS	827.576	{199.75 827.326} {200.25 827.826}	shape	PATH_21_10834	M6	ZBUF_315_111	{199.9400 823.7480} {199.9960 827.4520}
200.0	PATH_11_483	VSS	827.576	{199.75 827.326} {200.25 827.826}	shape	PATH_17_131887	M4	ZBUF_315_111	{199.9380 827.2120} {199.9980 827.4540}
200.0	PATH_11_483	VSS	827.576	{199.75 827.326} {200.25 827.826}	shape	PATH_17_146595	M4	ZBUF_83_1600	{200.2440 824.0520} {200.3000 828.3640}
200.0	PATH_11_483	VSS	827.576	{199.75 827.326} {200.25 827.826}	shape	PATH_15_351714	M3	n138117	{197.0520 827.7000} {200.6040 827.7560}
200.0	PATH_11_483	VSS	827.576	{199.75 827.326} {200.25 827.826}	shape	PATH_15_466145	M3	ZBUF_315_111	{199.9400 827.3960} {200.4520 827.4520}
200.0	PATH_11_507	VSS	867.704	{199.75 867.454} {200.25 867.954}	shape	PATH_19_92373	M5	ZBUF_27_3334	{183.8280 867.5240} {208.5080 867.5800}
200.0	PATH_11_507	VSS	867.704	{199.75 867.454} {200.25 867.954}	shape	PATH_15_156716	M3	n44250	{199.3320 867.8280} {209.2680 867.8840}
200.0	PATH_11_507	VSS	867.704	{199.75 867.454} {200.25 867.954}	shape	PATH_15_387914	M3	n143220	{198.4200 867.5240} {200.4520 867.5800}
200.0	PATH_11_531	VSS	907.832	{199.75 907.582} {200.25 908.082}	shape	PATH_21_13122	M6	ZBUF_28_1065	{199.9400 903.3960} {199.9960 925.3400}
200.0	PATH_11_531	VSS	907.832	{199.75 907.582} {200.25 908.082}	shape	PATH_15_523957	M3	ZBUF_363_1641	{196.9000 907.6520} {208.2040 907.7080}
200.0	PATH_11_555	VSS	947.96	{199.75 947.71} {200.25 948.21}	shape	PATH_19_80358	M5	ZBUF_194_2529	{189.9080 947.7800} {207.2920 947.8360}
200.0	PATH_11_555	VSS	947.96	{199.75 947.71} {200.25 948.21}	shape	PATH_17_166891	M4	ZBUF_96_2758	{200.2440 932.2760} {200.3000 953.3080}
200.0	PATH_11_555	VSS	947.96	{199.75 947.71} {200.25 948.21}	shape	PATH_15_382745	M3	n141986	{181.0920 948.0840} {203.3400 948.1400}
200.0	PATH_11_555	VSS	947.96	{199.75 947.71} {200.25 948.21}	shape	PATH_15_528164	M3	ZBUF_212_1657	{198.7240 947.7800} {210.6360 947.8360}
200.0	PATH_11_579	VSS	988.088	{199.75 987.838} {200.25 988.338}	shape	PATH_19_29438	M5	n142383	{190.8200 987.9080} {207.9000 987.9640}
200.0	PATH_11_579	VSS	988.088	{199.75 987.838} {200.25 988.338}	shape	PATH_17_67121	M4	n142446	{200.2440 984.2600} {200.3000 990.0920}
200.0	PATH_11_579	VSS	988.088	{199.75 987.838} {200.25 988.338}	shape	PATH_15_348841	M3	n137905	{199.4840 987.9080} {209.8760 987.9640}
200.0	PATH_11_579	VSS	988.088	{199.75 987.838} {200.25 988.338}	shape	PATH_15_531697	M3	ZBUF_104_1725	{182.0040 988.2120} {216.1080 988.2680}
200.0	PATH_11_603	VSS	1028.216	{199.75 1027.966} {200.25 1028.466}	shape	PATH_19_2925	M5	n31649	{198.7240 1028.0360} {199.9960 1028.0920}
200.0	PATH_11_603	VSS	1028.216	{199.75 1027.966} {200.25 1028.466}	shape	PATH_17_8736	M4	n31649	{199.9400 1028.0360} {199.9960 1034.7800}
200.0	PATH_11_603	VSS	1028.216	{199.75 1027.966} {200.25 1028.466}	shape	PATH_15_602897	M3	ZBUF_1748_2927	{197.6600 1028.3400} {200.3000 1028.3960}
200.0	PATH_11_603	VSS	1028.216	{199.75 1027.966} {200.25 1028.466}	shape	PATH_15_602898	M3	ZBUF_1748_2927	{200.2440 1028.3400} {200.3000 1028.7000}
200.0	PATH_11_627	VSS	1068.344	{199.75 1068.094} {200.25 1068.594}	shape	PATH_17_9096	M4	n33585	{199.9400 1062.9960} {199.9960 1081.2920}
200.0	PATH_11_627	VSS	1068.344	{199.75 1068.094} {200.25 1068.594}	shape	PATH_19_25017	M5	n138419	{192.3400 1068.1640} {202.7320 1068.2200}
200.0	PATH_11_627	VSS	1068.344	{199.75 1068.094} {200.25 1068.594}	shape	PATH_17_129728	M4	ZBUF_35_87	{200.2440 1050.5320} {200.3000 1068.5240}
200.0	PATH_11_627	VSS	1068.344	{199.75 1068.094} {200.25 1068.594}	shape	PATH_15_460602	M3	ZBUF_35_87	{200.2440 1068.4680} {203.6440 1068.5240}
200.0	PATH_11_627	VSS	1068.344	{199.75 1068.094} {200.25 1068.594}	shape	PATH_15_582048	M3	ZBUF_929_2749	{199.3320 1068.1640} {200.9080 1068.2200}
200.0	PATH_11_627	VSS	1068.344	{199.75 1068.094} {200.25 1068.594}	via	VIA_S_1467176	VIA34SQ_C	ZBUF_35_87	{200.2170 1068.4410} {200.3270 1068.5510}
